# This file uses centimeters as units for non-parametric coordinates.

mtllib Torch_LP.mtl
g default
v 0.130855 1.237193 -0.008899
v 0.175463 1.251926 -0.006267
v 0.214728 1.278425 -0.001533
v 0.244243 1.375673 0.015841
v 0.130855 1.227721 0.044120
v 0.175463 1.242454 0.046753
v 0.214728 1.268952 0.051487
v 0.244243 1.366200 0.068861
v 0.068034 1.235261 -0.009244
v 0.068034 1.225789 0.043775
v 0.211811 1.470611 0.032803
v 0.211811 1.461139 0.085822
v 0.213445 1.690632 0.072111
v 0.213445 1.681159 0.125131
v 0.232010 1.401524 0.075172
v 0.232010 1.410996 0.022152
v 0.241684 1.313673 0.059476
v 0.241684 1.323145 0.006457
v 0.242480 1.789326 0.092249
v 0.242480 1.780721 0.140413
v 0.251155 1.861406 0.122664
v 0.251155 1.858873 0.136839
v 0.239722 1.395618 0.019405
v 0.239722 1.386145 0.072424
v 0.230773 1.298813 0.002110
v 0.230773 1.289340 0.055129
v 0.227682 1.755541 0.083708
v 0.227682 1.746068 0.136727
v 0.157127 1.242992 -0.007863
v 0.157127 1.233519 0.045156
v 0.195477 1.263267 -0.004241
v 0.195477 1.253794 0.048779
v 0.245536 1.350140 0.011280
v 0.245536 1.340668 0.064299
v 0.087029 1.225789 0.043775
v 0.087029 1.235261 -0.009244
v 0.221144 1.422825 0.024265
v 0.221144 1.413353 0.077285
v 0.126872 1.266580 -0.003649
v 0.147049 1.271033 -0.002853
v 0.147049 1.261560 0.050166
v 0.126872 1.257108 0.049371
v 0.161312 1.277982 -0.001612
v 0.161312 1.268510 0.051408
v 0.178527 1.287737 0.000131
v 0.178527 1.278265 0.053150
v 0.193200 1.299291 0.002195
v 0.193200 1.289819 0.055215
v 0.212556 1.331317 0.007917
v 0.215431 1.351471 0.011517
v 0.215431 1.341998 0.064537
v 0.212556 1.321845 0.060936
v 0.214408 1.371694 0.015131
v 0.214407 1.362221 0.068150
v 0.086358 1.264793 -0.003968
v 0.086358 1.255321 0.049051
v 0.068034 1.255321 0.049051
v 0.068034 1.264793 -0.003968
v 0.206958 1.384764 0.072177
v 0.193267 1.399668 0.074840
v 0.206958 1.394237 0.019158
v 0.193267 1.409141 0.021821
v 0.181792 1.467891 0.032317
v 0.181792 1.458419 0.085336
v 0.183465 1.684405 0.125711
v 0.183465 1.693877 0.072691
v 0.211227 1.376253 0.070657
v 0.211227 1.385725 0.017637
v 0.204810 1.314044 0.004831
v 0.204810 1.304571 0.057850
v 0.198960 1.755049 0.138332
v 0.198960 1.764522 0.085312
v 0.213165 1.796937 0.093609
v 0.213165 1.788332 0.141773
v 0.221348 1.862210 0.137435
v 0.221348 1.864743 0.123260
v 0.111570 1.219533 0.089951
v 0.143113 1.228718 0.123635
v 0.170878 1.250333 0.155701
v 0.191748 1.343911 0.193620
v 0.073486 1.212835 0.127442
v 0.105029 1.222020 0.161125
v 0.132794 1.243635 0.193191
v 0.153664 1.337213 0.231110
v 0.067149 1.225413 0.045878
v 0.029065 1.218715 0.083368
v 0.168815 1.442883 0.188005
v 0.130731 1.436185 0.225496
v 0.169970 1.662700 0.228452
v 0.131886 1.656002 0.265942
v 0.145014 1.374058 0.228906
v 0.183098 1.380756 0.191415
v 0.151855 1.285004 0.219945
v 0.189939 1.291702 0.182454
v 0.188757 1.757911 0.268089
v 0.154161 1.751826 0.302146
v 0.182685 1.829801 0.299565
v 0.172503 1.828010 0.309588
v 0.188551 1.364419 0.194036
v 0.150467 1.357720 0.231527
v 0.182223 1.268726 0.170512
v 0.144139 1.262028 0.208002
v 0.180037 1.725839 0.249958
v 0.141953 1.719141 0.287449
v 0.130148 1.222064 0.109275
v 0.092064 1.215366 0.146766
v 0.157265 1.237570 0.139592
v 0.119181 1.230872 0.177083
v 0.192662 1.318218 0.189958
v 0.154578 1.311520 0.227448
v 0.042497 1.216353 0.096590
v 0.080581 1.223051 0.059100
v 0.175414 1.393936 0.185965
v 0.137330 1.387238 0.223455
v 0.108754 1.249415 0.092429
v 0.123021 1.251358 0.107269
v 0.084937 1.244660 0.144760
v 0.070670 1.242717 0.129919
v 0.133107 1.256534 0.118440
v 0.095023 1.249836 0.155930
v 0.145279 1.264148 0.132165
v 0.107195 1.257450 0.169656
v 0.155655 1.273877 0.144443
v 0.117571 1.267179 0.181934
v 0.169342 1.303496 0.163638
v 0.171375 1.323292 0.169240
v 0.133291 1.316594 0.206731
v 0.131258 1.296798 0.201129
v 0.170651 1.343642 0.172141
v 0.132567 1.336945 0.209631
v 0.080106 1.252667 0.063909
v 0.042022 1.245969 0.101399
v 0.029065 1.248247 0.088644
v 0.067149 1.254945 0.051154
v 0.127300 1.360414 0.208473
v 0.117618 1.377021 0.201606
v 0.165384 1.367112 0.170983
v 0.155702 1.383719 0.164115
v 0.147589 1.443896 0.166624
v 0.109505 1.437198 0.204115
v 0.110688 1.662976 0.245654
v 0.148772 1.669674 0.208163
v 0.130318 1.351372 0.209924
v 0.168402 1.358070 0.172434
v 0.163865 1.287186 0.155161
v 0.125781 1.280488 0.192651
v 0.121644 1.731694 0.269060
v 0.159728 1.738392 0.231570
v 0.168029 1.769167 0.249043
v 0.133432 1.763083 0.283100
v 0.151425 1.835054 0.289436
v 0.161607 1.836845 0.279413
v 0.026929 1.209443 0.146426
v 0.026929 1.216331 0.192971
v 0.026929 1.235923 0.236358
v 0.026929 1.327981 0.282787
v -0.026929 1.209443 0.146426
v -0.026929 1.216331 0.192970
v -0.026929 1.235923 0.236358
v -0.026929 1.327981 0.282787
v 0.026929 1.218559 0.084239
v -0.026929 1.218559 0.084239
v 0.026929 1.428623 0.267822
v -0.026929 1.428623 0.267822
v 0.026929 1.648356 0.308739
v -0.026929 1.648356 0.308739
v -0.026929 1.365456 0.277056
v 0.026929 1.365456 0.277056
v -0.026929 1.275903 0.270884
v 0.026929 1.275903 0.270884
v 0.024463 1.742378 0.355031
v -0.024463 1.742378 0.355031
v 0.007200 1.815968 0.376992
v -0.007200 1.815968 0.376992
v 0.026929 1.348721 0.281900
v -0.026929 1.348721 0.281900
v 0.026929 1.253490 0.255795
v -0.026929 1.253490 0.255795
v 0.026929 1.710762 0.334350
v -0.026929 1.710762 0.334350
v 0.026929 1.210621 0.173325
v -0.026929 1.210621 0.173325
v 0.026929 1.224151 0.214699
v -0.026929 1.224151 0.214699
v 0.026929 1.302220 0.279498
v -0.026929 1.302220 0.279498
v -0.026929 1.215219 0.102938
v 0.026929 1.215219 0.102938
v 0.026929 1.379196 0.268472
v -0.026929 1.379196 0.268472
v 0.026929 1.239531 0.147755
v 0.026929 1.240434 0.168413
v -0.026929 1.240434 0.168413
v -0.026929 1.239531 0.147755
v 0.026929 1.244876 0.183696
v -0.026929 1.244876 0.183696
v 0.026929 1.251603 0.202385
v -0.026929 1.251603 0.202385
v 0.026929 1.260576 0.218893
v -0.026929 1.260576 0.218893
v 0.026929 1.289198 0.243669
v 0.026929 1.308846 0.250100
v -0.026929 1.308846 0.250100
v -0.026929 1.289198 0.243669
v 0.026929 1.329249 0.252706
v -0.026929 1.329249 0.252706
v 0.026929 1.244869 0.107553
v -0.026929 1.244869 0.107553
v -0.026930 1.248092 0.089515
v 0.026929 1.248092 0.089515
v -0.026929 1.353102 0.249400
v -0.026929 1.370414 0.238584
v 0.026929 1.353102 0.249400
v 0.026929 1.370414 0.238584
v 0.026929 1.431183 0.237785
v -0.026929 1.431183 0.237785
v -0.026929 1.656874 0.279807
v 0.026929 1.656874 0.279807
v -0.026929 1.343840 0.252082
v 0.026929 1.343840 0.252082
v 0.026929 1.273287 0.232958
v -0.026929 1.273287 0.232958
v -0.026929 1.724794 0.307681
v 0.026929 1.724794 0.307681
v 0.024463 1.755144 0.327533
v -0.024463 1.755144 0.327533
v -0.007200 1.824547 0.348245
v 0.007200 1.824547 0.348245
v -0.073486 1.212835 0.127442
v -0.105029 1.222020 0.161125
v -0.132794 1.243635 0.193191
v -0.153664 1.337213 0.231110
v -0.111570 1.219533 0.089951
v -0.143113 1.228718 0.123634
v -0.170878 1.250333 0.155701
v -0.191748 1.343911 0.193620
v -0.029065 1.218715 0.083368
v -0.067149 1.225413 0.045878
v -0.130731 1.436185 0.225496
v -0.168815 1.442883 0.188006
v -0.131886 1.656002 0.265942
v -0.169970 1.662700 0.228452
v -0.183098 1.380756 0.191415
v -0.145014 1.374058 0.228906
v -0.189939 1.291702 0.182454
v -0.151855 1.285004 0.219945
v -0.154161 1.751826 0.302146
v -0.188757 1.757911 0.268089
v -0.172503 1.828010 0.309588
v -0.182685 1.829801 0.299565
v -0.150467 1.357720 0.231527
v -0.188551 1.364419 0.194036
v -0.144139 1.262028 0.208002
v -0.182223 1.268726 0.170512
v -0.141953 1.719141 0.287449
v -0.180037 1.725839 0.249958
v -0.092064 1.215366 0.146766
v -0.130148 1.222064 0.109275
v -0.119181 1.230872 0.177083
v -0.157265 1.237569 0.139592
v -0.154578 1.311520 0.227448
v -0.192662 1.318218 0.189958
v -0.080581 1.223051 0.059100
v -0.042497 1.216353 0.096590
v -0.137330 1.387238 0.223455
v -0.175414 1.393936 0.185965
v -0.070670 1.242717 0.129919
v -0.084937 1.244660 0.144760
v -0.123021 1.251358 0.107269
v -0.108754 1.249415 0.092429
v -0.095023 1.249836 0.155930
v -0.133107 1.256534 0.118440
v -0.107195 1.257450 0.169656
v -0.145279 1.264148 0.132165
v -0.117571 1.267179 0.181934
v -0.155655 1.273877 0.144443
v -0.131258 1.296798 0.201129
v -0.133291 1.316594 0.206731
v -0.171375 1.323292 0.169240
v -0.169342 1.303496 0.163638
v -0.132567 1.336945 0.209631
v -0.170651 1.343642 0.172141
v -0.042022 1.245969 0.101399
v -0.080106 1.252667 0.063909
v -0.067149 1.254945 0.051154
v -0.029065 1.248247 0.088644
v -0.165384 1.367112 0.170983
v -0.155702 1.383719 0.164115
v -0.127300 1.360414 0.208473
v -0.117618 1.377021 0.201606
v -0.109505 1.437198 0.204115
v -0.147589 1.443896 0.166624
v -0.148772 1.669674 0.208163
v -0.110688 1.662976 0.245654
v -0.168402 1.358070 0.172434
v -0.130318 1.351372 0.209924
v -0.125781 1.280488 0.192651
v -0.163865 1.287186 0.155160
v -0.159728 1.738392 0.231570
v -0.121644 1.731694 0.269060
v -0.133432 1.763083 0.283100
v -0.168029 1.769167 0.249043
v -0.161607 1.836845 0.279413
v -0.151425 1.835054 0.289436
v 0.075192 1.091320 -0.024432
v 0.063962 1.091320 -0.046471
v 0.046471 1.091320 -0.063963
v 0.024431 1.091320 -0.075192
v -0.000000 1.091320 -0.079062
v -0.024432 1.091320 -0.075192
v -0.046472 1.091320 -0.063962
v -0.063963 1.091320 -0.046471
v -0.075192 1.091320 -0.024432
v -0.079062 1.091320 0.000000
v -0.075192 1.091320 0.024432
v -0.063963 1.091320 0.046471
v -0.046472 1.091320 0.063962
v -0.024432 1.091320 0.075192
v -0.000000 1.091320 0.079062
v 0.024431 1.091320 0.075192
v 0.046471 1.091320 0.063962
v 0.063962 1.091320 0.046471
v 0.075192 1.091320 0.024431
v 0.079062 1.091320 0.000000
v 0.075192 1.136510 -0.024432
v 0.063962 1.136510 -0.046471
v 0.046471 1.136510 -0.063963
v 0.024431 1.136510 -0.075192
v -0.000000 1.136510 -0.079062
v -0.024432 1.136510 -0.075192
v -0.046472 1.136510 -0.063962
v -0.063963 1.136510 -0.046471
v -0.075192 1.136510 -0.024432
v -0.079062 1.136510 0.000000
v -0.075192 1.136510 0.024432
v -0.063963 1.136510 0.046471
v -0.046472 1.136510 0.063962
v -0.024432 1.136510 0.075192
v -0.000000 1.136510 0.079062
v 0.024431 1.136510 0.075192
v 0.046471 1.136510 0.063962
v 0.063962 1.136510 0.046471
v 0.075192 1.136510 0.024431
v 0.079062 1.136510 0.000000
v 0.055934 1.091320 -0.018174
v 0.047580 1.091320 -0.034569
v 0.047580 1.136510 -0.034569
v 0.055934 1.136510 -0.018174
v 0.034569 1.091320 -0.047580
v 0.034569 1.136510 -0.047580
v 0.018174 1.091320 -0.055934
v 0.018174 1.136510 -0.055934
v -0.000000 1.091320 -0.058813
v -0.000000 1.136510 -0.058813
v -0.018174 1.091320 -0.055934
v -0.018174 1.136510 -0.055934
v -0.034569 1.091320 -0.047580
v -0.034569 1.136510 -0.047580
v -0.047581 1.091320 -0.034569
v -0.047581 1.136510 -0.034569
v -0.055934 1.091320 -0.018174
v -0.055934 1.136510 -0.018174
v -0.058813 1.091320 0.000000
v -0.058813 1.136510 0.000000
v -0.055934 1.091320 0.018174
v -0.055934 1.136510 0.018174
v -0.047581 1.091320 0.034569
v -0.047581 1.136510 0.034569
v -0.034569 1.091320 0.047580
v -0.034569 1.136510 0.047580
v -0.018174 1.091320 0.055934
v -0.018174 1.136510 0.055934
v -0.000000 1.091320 0.058813
v -0.000000 1.136510 0.058813
v 0.018174 1.091320 0.055934
v 0.018174 1.136510 0.055934
v 0.034569 1.091320 0.047580
v 0.034569 1.136510 0.047580
v 0.047580 1.091320 0.034569
v 0.047580 1.136510 0.034569
v 0.055934 1.091320 0.018174
v 0.055934 1.136510 0.018174
v 0.058813 1.091320 -0.000000
v 0.058813 1.136510 -0.000000
v -0.026929 1.255471 -0.111205
v -0.026929 1.278049 -0.152485
v -0.026929 1.311453 -0.186404
v -0.026929 1.413892 -0.198085
v 0.026929 1.255471 -0.111205
v 0.026929 1.278049 -0.152485
v 0.026929 1.311453 -0.186404
v 0.026929 1.413892 -0.198085
v -0.026929 1.242490 -0.049708
v 0.026929 1.242490 -0.049708
v -0.026929 1.503127 -0.149196
v 0.026929 1.503127 -0.149196
v -0.026929 1.723435 -0.111497
v 0.026929 1.723435 -0.111497
v 0.026929 1.447065 -0.179732
v -0.026929 1.447065 -0.179732
v 0.026929 1.360915 -0.204951
v -0.026929 1.360915 -0.204951
v -0.024463 1.827670 -0.122369
v 0.024463 1.827670 -0.122369
v -0.007200 1.904311 -0.117489
v 0.007200 1.904311 -0.117489
v -0.026929 1.433043 -0.190071
v 0.026929 1.433043 -0.190071
v -0.026929 1.334663 -0.198556
v 0.026929 1.334663 -0.198557
v -0.026929 1.790848 -0.113915
v 0.026929 1.790848 -0.113915
v -0.026929 1.265890 -0.136032
v 0.026929 1.265890 -0.136032
v -0.026929 1.292910 -0.170162
v 0.026929 1.292910 -0.170162
v -0.026929 1.388587 -0.203919
v 0.026929 1.388587 -0.203919
v 0.026929 1.245831 -0.068407
v -0.026929 1.245831 -0.068407
v -0.026929 1.456982 -0.166922
v 0.026929 1.456982 -0.166921
v -0.026929 1.284157 -0.102033
v -0.026929 1.292158 -0.121100
v 0.026929 1.292158 -0.121100
v 0.026929 1.284157 -0.102033
v -0.026929 1.301617 -0.133900
v 0.026929 1.301617 -0.133900
v -0.026929 1.314399 -0.149103
v 0.026929 1.314399 -0.149103
v -0.026929 1.328534 -0.161484
v 0.026929 1.328534 -0.161484
v -0.026929 1.363964 -0.174816
v -0.026929 1.384623 -0.174046
v 0.026929 1.384623 -0.174046
v 0.026929 1.363964 -0.174816
v -0.026929 1.404666 -0.169425
v 0.026929 1.404666 -0.169425
v -0.026929 1.275245 -0.062470
v 0.026929 1.275245 -0.062470
v 0.026929 1.272023 -0.044432
v -0.026929 1.272023 -0.044432
v 0.026930 1.425899 -0.158065
v 0.026929 1.438395 -0.141924
v -0.026929 1.425899 -0.158065
v -0.026929 1.438395 -0.141924
v -0.026929 1.495128 -0.120132
v 0.026929 1.495128 -0.120132
v 0.026929 1.721408 -0.081405
v -0.026929 1.721408 -0.081405
v 0.026929 1.418139 -0.163788
v -0.026929 1.418139 -0.163787
v -0.026929 1.345328 -0.170277
v 0.026929 1.345328 -0.170277
v 0.026929 1.794777 -0.084037
v -0.026929 1.794777 -0.084037
v -0.024463 1.830124 -0.092152
v 0.024463 1.830124 -0.092152
v 0.007200 1.902406 -0.087550
v -0.007200 1.902406 -0.087550
v -0.111570 1.245381 -0.054730
v -0.143113 1.265662 -0.083149
v -0.170878 1.297043 -0.105747
v -0.191748 1.397962 -0.108918
v -0.073486 1.252079 -0.092221
v -0.105029 1.272360 -0.120639
v -0.132794 1.303741 -0.143237
v -0.153664 1.404660 -0.146408
v -0.067149 1.235637 -0.011347
v -0.029065 1.242334 -0.048837
v -0.168815 1.488867 -0.069380
v -0.130731 1.495565 -0.106871
v -0.169970 1.709091 -0.031210
v -0.131886 1.715789 -0.068700
v -0.145014 1.438462 -0.131582
v -0.183098 1.431764 -0.094092
v -0.151855 1.351814 -0.154011
v -0.189939 1.345116 -0.116521
v -0.188757 1.812137 -0.035427
v -0.154161 1.818221 -0.069484
v -0.182685 1.890478 -0.040063
v -0.172503 1.892269 -0.050086
v -0.188551 1.417345 -0.102208
v -0.150467 1.424043 -0.139698
v -0.182223 1.319427 -0.113273
v -0.144139 1.326125 -0.150763
v -0.180037 1.775770 -0.029523
v -0.141953 1.782468 -0.067013
v -0.130148 1.254447 -0.071982
v -0.092064 1.261145 -0.109473
v -0.157265 1.279491 -0.095055
v -0.119181 1.286189 -0.132545
v -0.192662 1.372590 -0.114379
v -0.154578 1.379288 -0.151870
v -0.042497 1.244697 -0.062059
v -0.080581 1.237999 -0.024569
v -0.175414 1.442242 -0.084414
v -0.137330 1.448940 -0.121905
v -0.108754 1.274273 -0.046707
v -0.123021 1.281235 -0.059957
v -0.084937 1.287933 -0.097447
v -0.070670 1.280971 -0.084198
v -0.133107 1.289958 -0.068644
v -0.095023 1.296656 -0.106134
v -0.145279 1.301854 -0.078884
v -0.107195 1.308552 -0.116374
v -0.155655 1.315233 -0.087034
v -0.117571 1.321931 -0.124524
v -0.169342 1.349666 -0.094785
v -0.171375 1.370177 -0.093186
v -0.133291 1.376875 -0.130676
v -0.131258 1.356364 -0.132276
v -0.170651 1.390272 -0.088861
v -0.132567 1.396971 -0.126351
v -0.080106 1.267448 -0.018825
v -0.042022 1.274146 -0.056316
v -0.029065 1.271867 -0.043561
v -0.067149 1.265169 -0.006071
v -0.127300 1.418587 -0.117138
v -0.117618 1.431788 -0.104945
v -0.165384 1.411889 -0.079648
v -0.155702 1.425090 -0.067455
v -0.147589 1.482414 -0.048971
v -0.109505 1.489112 -0.086461
v -0.110688 1.715306 -0.047252
v -0.148772 1.708608 -0.009761
v -0.130318 1.410607 -0.121630
v -0.168402 1.403909 -0.084140
v -0.163865 1.331429 -0.092480
v -0.125781 1.338127 -0.129970
v -0.121644 1.787877 -0.045416
v -0.159728 1.781179 -0.007926
v -0.168029 1.816102 -0.013662
v -0.133432 1.822186 -0.047719
v -0.151425 1.891899 -0.028741
v -0.161607 1.890108 -0.018718
v -0.130855 1.227721 0.044120
v -0.175463 1.242454 0.046752
v -0.214728 1.268952 0.051487
v -0.244243 1.366200 0.068861
v -0.130855 1.237193 -0.008899
v -0.175463 1.251926 -0.006267
v -0.214728 1.278425 -0.001533
v -0.244243 1.375673 0.015841
v -0.068034 1.225789 0.043775
v -0.068034 1.235261 -0.009244
v -0.211811 1.461139 0.085822
v -0.211811 1.470611 0.032803
v -0.213445 1.681159 0.125131
v -0.213445 1.690632 0.072111
v -0.232010 1.410996 0.022152
v -0.232010 1.401524 0.075172
v -0.241684 1.323145 0.006457
v -0.241684 1.313673 0.059476
v -0.242480 1.780721 0.140413
v -0.242480 1.789326 0.092249
v -0.251155 1.858873 0.136839
v -0.251155 1.861406 0.122664
v -0.239722 1.386145 0.072424
v -0.239722 1.395618 0.019405
v -0.230773 1.289340 0.055129
v -0.230773 1.298813 0.002110
v -0.227682 1.746068 0.136727
v -0.227682 1.755541 0.083708
v -0.157127 1.233519 0.045156
v -0.157127 1.242992 -0.007863
v -0.195477 1.253794 0.048779
v -0.195477 1.263267 -0.004241
v -0.245536 1.340668 0.064299
v -0.245536 1.350140 0.011280
v -0.087029 1.235261 -0.009244
v -0.087029 1.225789 0.043775
v -0.221144 1.413353 0.077285
v -0.221144 1.422825 0.024266
v -0.126872 1.257108 0.049370
v -0.147049 1.261560 0.050166
v -0.147049 1.271033 -0.002853
v -0.126872 1.266580 -0.003649
v -0.161312 1.268510 0.051408
v -0.161312 1.277982 -0.001612
v -0.178527 1.278265 0.053150
v -0.178527 1.287737 0.000131
v -0.193200 1.289819 0.055215
v -0.193200 1.299291 0.002195
v -0.212556 1.321845 0.060936
v -0.215431 1.341998 0.064537
v -0.215431 1.351471 0.011517
v -0.212556 1.331317 0.007917
v -0.214408 1.362221 0.068150
v -0.214408 1.371694 0.015130
v -0.086358 1.255321 0.049051
v -0.086358 1.264793 -0.003968
v -0.068034 1.264793 -0.003968
v -0.068034 1.255321 0.049051
v -0.206958 1.394237 0.019158
v -0.193267 1.409141 0.021821
v -0.206958 1.384764 0.072177
v -0.193267 1.399668 0.074840
v -0.181792 1.458419 0.085336
v -0.181792 1.467891 0.032317
v -0.183465 1.693877 0.072691
v -0.183465 1.684405 0.125711
v -0.211227 1.385725 0.017637
v -0.211227 1.376253 0.070657
v -0.204810 1.304571 0.057850
v -0.204810 1.314044 0.004831
v -0.198960 1.764522 0.085312
v -0.198960 1.755049 0.138332
v -0.213165 1.788332 0.141773
v -0.213165 1.796937 0.093609
v -0.221348 1.864743 0.123260
v -0.221348 1.862210 0.137435
v 0.014996 1.102507 -0.264482
v -0.013263 1.102507 -0.264482
v 0.014996 1.102495 -0.076691
v -0.013263 1.102495 -0.076691
v 0.014996 1.125323 -0.264482
v -0.013263 1.125323 -0.264482
v 0.014996 1.125335 -0.076691
v -0.013263 1.125335 -0.076691
v 0.073486 1.252079 -0.092221
v 0.105029 1.272360 -0.120639
v 0.132794 1.303741 -0.143237
v 0.153664 1.404660 -0.146408
v 0.111570 1.245381 -0.054730
v 0.143113 1.265662 -0.083149
v 0.170878 1.297043 -0.105747
v 0.191748 1.397962 -0.108918
v 0.029065 1.242334 -0.048837
v 0.067149 1.235637 -0.011347
v 0.130731 1.495565 -0.106871
v 0.168815 1.488867 -0.069380
v 0.131886 1.715789 -0.068700
v 0.169970 1.709091 -0.031210
v 0.183098 1.431764 -0.094092
v 0.145014 1.438462 -0.131582
v 0.189939 1.345116 -0.116521
v 0.151855 1.351814 -0.154012
v 0.154161 1.818221 -0.069484
v 0.188757 1.812137 -0.035427
v 0.172503 1.892269 -0.050086
v 0.182685 1.890478 -0.040063
v 0.150467 1.424043 -0.139698
v 0.188551 1.417345 -0.102208
v 0.144139 1.326125 -0.150764
v 0.182223 1.319427 -0.113273
v 0.141953 1.782468 -0.067013
v 0.180037 1.775770 -0.029523
v 0.092064 1.261145 -0.109473
v 0.130148 1.254447 -0.071982
v 0.119181 1.286189 -0.132545
v 0.157265 1.279491 -0.095055
v 0.154578 1.379288 -0.151870
v 0.192662 1.372590 -0.114379
v 0.080581 1.237999 -0.024569
v 0.042497 1.244697 -0.062059
v 0.137330 1.448940 -0.121905
v 0.175414 1.442242 -0.084414
v 0.070670 1.280971 -0.084198
v 0.084937 1.287933 -0.097447
v 0.123021 1.281235 -0.059957
v 0.108754 1.274273 -0.046707
v 0.095023 1.296656 -0.106134
v 0.133107 1.289958 -0.068644
v 0.107195 1.308552 -0.116374
v 0.145279 1.301854 -0.078884
v 0.117571 1.321931 -0.124524
v 0.155655 1.315233 -0.087034
v 0.131258 1.356364 -0.132276
v 0.133291 1.376875 -0.130676
v 0.171375 1.370177 -0.093186
v 0.169342 1.349666 -0.094785
v 0.132567 1.396971 -0.126351
v 0.170651 1.390272 -0.088861
v 0.042022 1.274146 -0.056316
v 0.080106 1.267448 -0.018825
v 0.067149 1.265169 -0.006071
v 0.029065 1.271867 -0.043561
v 0.165384 1.411889 -0.079648
v 0.155702 1.425090 -0.067454
v 0.127300 1.418587 -0.117138
v 0.117618 1.431788 -0.104945
v 0.109505 1.489112 -0.086461
v 0.147589 1.482414 -0.048971
v 0.148772 1.708608 -0.009761
v 0.110688 1.715306 -0.047252
v 0.168402 1.403909 -0.084140
v 0.130318 1.410607 -0.121630
v 0.125781 1.338127 -0.129970
v 0.163865 1.331429 -0.092480
v 0.159728 1.781179 -0.007926
v 0.121644 1.787877 -0.045416
v 0.133432 1.822186 -0.047719
v 0.168029 1.816102 -0.013662
v 0.161607 1.890108 -0.018718
v 0.151425 1.891899 -0.028741
v 0.000000 0.631113 -0.282740
v 0.349334 0.980447 -0.282740
v -0.349334 0.980447 -0.282740
v 0.000000 1.329781 -0.282740
v -0.349334 0.980447 -0.335469
v 0.000000 1.329781 -0.335469
v 0.000000 0.631113 -0.335469
v 0.349334 0.980447 -0.335469
v -0.067124 1.083103 -0.281941
v -0.067124 0.981163 -0.233176
v 0.067124 1.083103 -0.281941
v 0.067124 0.981163 -0.233176
v -0.067124 1.552572 -0.277214
v 0.067124 1.552572 -0.277214
v -0.067124 1.670728 -0.321868
v 0.067124 1.670728 -0.321868
v -0.067124 1.807791 -0.321868
v 0.067124 1.807791 -0.321868
v 0.067124 1.088660 -0.256863
v 0.067124 0.986840 -0.208155
v -0.067124 1.088660 -0.256863
v -0.067124 0.986840 -0.208155
v 0.067124 1.560754 -0.252109
v -0.067124 1.560754 -0.252109
v 0.067124 1.679021 -0.296847
v -0.067124 1.679021 -0.296847
v 0.067124 1.807791 -0.296847
v -0.067124 1.807791 -0.296847
v 0.067124 0.930077 -0.208155
v 0.067124 0.930077 -0.233176
v -0.067124 0.930077 -0.233176
v -0.067124 0.930077 -0.208155
v -0.067124 1.622187 -0.263935
v -0.067124 1.613950 -0.288998
v 0.067124 1.613950 -0.288998
v 0.067124 1.622187 -0.263935
v -0.067124 0.777051 -0.281941
v -0.067124 0.878991 -0.233176
v 0.067124 0.777051 -0.281941
v 0.067124 0.878991 -0.233176
v -0.067124 0.307582 -0.277214
v 0.067124 0.307582 -0.277214
v -0.067124 0.189426 -0.321868
v 0.067124 0.189426 -0.321868
v -0.067124 0.052363 -0.321868
v 0.067124 0.052363 -0.321868
v 0.067124 0.771494 -0.256863
v 0.067124 0.873314 -0.208155
v -0.067124 0.771494 -0.256863
v -0.067124 0.873314 -0.208155
v 0.067124 0.299401 -0.252109
v -0.067124 0.299401 -0.252109
v 0.067124 0.181133 -0.296847
v -0.067124 0.181133 -0.296847
v 0.067124 0.052363 -0.296847
v -0.067124 0.052363 -0.296847
v -0.067124 0.237967 -0.263935
v -0.067124 0.246204 -0.288998
v 0.067124 0.246204 -0.288998
v 0.067124 0.237967 -0.263935
v 0.025052 0.041104 -0.213724
v 0.009569 0.043082 -0.224798
v -0.009569 0.043082 -0.224798
v -0.025052 0.041104 -0.213724
v -0.030966 0.037903 -0.195806
v -0.025052 0.034702 -0.177889
v -0.009569 0.032723 -0.166815
v 0.009569 0.032723 -0.166815
v 0.025052 0.034702 -0.177889
v 0.030966 0.037903 -0.195807
v 0.042520 0.066119 -0.222147
v 0.016241 0.069477 -0.240943
v -0.016241 0.069477 -0.240943
v -0.042520 0.066119 -0.222147
v -0.052558 0.060686 -0.191736
v -0.042520 0.055253 -0.161325
v -0.016241 0.051895 -0.142529
v 0.016241 0.051895 -0.142529
v 0.042520 0.055253 -0.161325
v 0.052558 0.060686 -0.191736
v 0.049098 0.098328 -0.221248
v 0.018754 0.102206 -0.242951
v -0.018754 0.102206 -0.242951
v -0.049098 0.098328 -0.221248
v -0.060689 0.092055 -0.186132
v -0.049098 0.085781 -0.151016
v -0.018754 0.081903 -0.129313
v 0.018754 0.081903 -0.129313
v 0.049098 0.085781 -0.151016
v 0.060689 0.092055 -0.186132
v 0.043544 0.127680 -0.211904
v 0.016632 0.131119 -0.231152
v -0.016632 0.131119 -0.231152
v -0.043544 0.127680 -0.211904
v -0.053823 0.122116 -0.180761
v -0.043544 0.116552 -0.149618
v -0.016632 0.113113 -0.130370
v 0.016632 0.113113 -0.130370
v 0.043544 0.116552 -0.149618
v 0.053823 0.122116 -0.180761
v -0.000000 0.028592 -0.197470
v 0.012841 0.129196 -0.139351
v -0.012841 0.129196 -0.139351
v -0.033618 0.131850 -0.154211
v -0.041553 0.136146 -0.178254
v -0.033618 0.140442 -0.202298
v -0.012841 0.143097 -0.217158
v 0.012841 0.143097 -0.217158
v 0.033618 0.140442 -0.202298
v 0.041553 0.136146 -0.178254
v 0.033618 0.131850 -0.154211
v 0.008190 0.133820 -0.153064
v -0.008190 0.133820 -0.153064
v -0.021443 0.135513 -0.162542
v -0.026505 0.138253 -0.177878
v -0.021443 0.140993 -0.193214
v -0.008190 0.142686 -0.202693
v 0.008190 0.142686 -0.202693
v 0.021443 0.140993 -0.193214
v 0.026505 0.138253 -0.177878
v 0.021443 0.135513 -0.162542
v 0.018848 1.216260 0.073643
v -0.018848 1.216260 0.073643
v -0.049344 1.220157 0.051832
v -0.060993 1.226462 0.016540
v -0.049344 1.232767 -0.018752
v -0.018848 1.236664 -0.040564
v 0.018848 1.236664 -0.040564
v 0.049344 1.232767 -0.018752
v 0.060993 1.226462 0.016539
v 0.049344 1.220157 0.051831
v -0.018826 1.258886 0.081189
v 0.018826 1.258886 0.081189
v 0.049286 1.262779 0.059404
v -0.060921 1.269076 0.024153
v -0.049287 1.262779 0.059404
v -0.018826 1.279266 -0.032883
v -0.049287 1.275374 -0.011098
v 0.049286 1.275374 -0.011098
v 0.018826 1.279266 -0.032883
v 0.060921 1.269076 0.024153
v 0.027577 1.213619 0.100464
v -0.027578 1.213619 0.100464
v 0.027701 1.253026 0.107892
v -0.027702 1.253026 0.107892
v 0.072199 1.219321 0.068550
v 0.072524 1.258753 0.075835
v -0.072199 1.219321 0.068550
v -0.089243 1.228546 0.016912
v -0.072524 1.258753 0.075835
v -0.089644 1.268020 0.023964
v -0.072199 1.237772 -0.034726
v -0.027578 1.243474 -0.066640
v -0.072524 1.277287 -0.027906
v -0.027702 1.283014 -0.059963
v 0.027577 1.243474 -0.066640
v 0.072199 1.237772 -0.034726
v 0.027701 1.283014 -0.059963
v 0.072524 1.277287 -0.027906
v 0.089243 1.228546 0.016912
v 0.089644 1.268020 0.023964
v -0.018963 1.433910 0.112887
v 0.018963 1.433910 0.112887
v 0.049645 1.437830 0.090943
v -0.061365 1.444174 0.055436
v -0.049645 1.437830 0.090943
v -0.018963 1.454438 -0.002016
v -0.049645 1.450518 0.019928
v 0.049645 1.450518 0.019928
v 0.018963 1.454438 -0.002016
v 0.061365 1.444174 0.055436
v -0.030315 1.428594 0.147427
v 0.030314 1.428594 0.147427
v 0.079364 1.434862 0.112346
v -0.098099 1.445003 0.055584
v -0.079365 1.434862 0.112346
v -0.030315 1.461412 -0.036260
v -0.079365 1.455144 -0.001179
v 0.079364 1.455144 -0.001179
v 0.030314 1.461412 -0.036260
v 0.098099 1.445003 0.055584
v -0.031428 1.653457 0.191082
v 0.031428 1.653457 0.191082
v 0.082280 1.659955 0.154713
v -0.101703 1.670468 0.095865
v -0.082280 1.659955 0.154713
v -0.031428 1.687480 0.000648
v -0.082280 1.680982 0.037017
v 0.082280 1.680982 0.037017
v 0.031428 1.687479 0.000648
v 0.101703 1.670468 0.095865
v -0.026779 1.656310 0.177057
v 0.026779 1.656310 0.177057
v 0.070108 1.661847 0.146068
v -0.086658 1.670805 0.095925
v -0.070109 1.661847 0.146068
v -0.026779 1.685300 0.014793
v -0.070109 1.679764 0.045782
v 0.070108 1.679764 0.045782
v 0.026779 1.685300 0.014793
v 0.086658 1.670805 0.095925
v -0.020298 1.637940 0.153512
v 0.021694 1.637634 0.157823
v 0.053140 1.642136 0.130023
v -0.065684 1.648926 0.092016
v -0.056796 1.642119 0.132718
v -0.020298 1.659913 0.030521
v -0.056796 1.656634 0.051475
v 0.053140 1.655717 0.054010
v 0.021694 1.661119 0.026370
v 0.070204 1.649376 0.092097
v 0.102728 1.634837 0.089499
v 0.102913 1.594028 0.082208
v 0.083258 1.583389 0.141756
v 0.083109 1.624217 0.148940
v 0.031802 1.576814 0.178558
v 0.031745 1.617654 0.185676
v -0.031802 1.576814 0.178558
v -0.031745 1.617654 0.185676
v -0.083259 1.583389 0.141756
v -0.083109 1.624217 0.148940
v -0.102913 1.594028 0.082208
v -0.102728 1.634837 0.089499
v -0.083259 1.604666 0.022660
v -0.083109 1.645456 0.030058
v -0.031802 1.611241 -0.014142
v -0.031745 1.652019 -0.006678
v 0.031802 1.611241 -0.014142
v 0.031745 1.652019 -0.006678
v 0.083258 1.604666 0.022660
v 0.083109 1.645456 0.030058
v 0.103586 1.521647 0.069277
v 0.103201 1.481130 0.062038
v 0.083492 1.470461 0.121753
v 0.083803 1.510939 0.129214
v 0.031891 1.463868 0.158658
v 0.032010 1.504321 0.166257
v -0.031891 1.463868 0.158658
v -0.032010 1.504321 0.166257
v -0.083492 1.470461 0.121753
v -0.083803 1.510939 0.129214
v -0.103201 1.481130 0.062038
v -0.103586 1.521647 0.069277
v -0.083492 1.491799 0.002323
v -0.083803 1.532356 0.009340
v -0.031891 1.498392 -0.034582
v -0.032010 1.538974 -0.027703
v 0.031891 1.498392 -0.034582
v 0.032010 1.538974 -0.027703
v 0.083492 1.491799 0.002323
v 0.083803 1.532356 0.009339
v 0.171713 1.633847 0.089322
v 0.171486 1.594997 0.082381
v 0.138736 1.612724 -0.016845
v 0.138920 1.651598 -0.010036
v 0.138919 1.616095 0.188680
v 0.138736 1.577269 0.181608
v 0.053062 1.605125 0.250086
v 0.052992 1.566313 0.242932
v -0.053062 1.605125 0.250086
v -0.052992 1.566313 0.242932
v -0.138920 1.616095 0.188680
v -0.138736 1.577269 0.181608
v -0.171713 1.633847 0.089322
v -0.171486 1.594997 0.082381
v -0.138920 1.651598 -0.010036
v -0.138736 1.612724 -0.016845
v -0.053063 1.662568 -0.071441
v -0.052992 1.623681 -0.078169
v 0.053062 1.662568 -0.071441
v 0.052992 1.623681 -0.078169
v 0.171255 1.520547 0.069080
v 0.171507 1.481887 0.062173
v 0.138753 1.499616 -0.037065
v 0.138549 1.538251 -0.030012
v 0.138548 1.502843 0.168173
v 0.138753 1.464157 0.161412
v 0.052920 1.491902 0.229414
v 0.052998 1.453199 0.222744
v -0.052921 1.491902 0.229414
v -0.052999 1.453199 0.222744
v -0.138549 1.502844 0.168173
v -0.138753 1.464157 0.161412
v -0.171255 1.520547 0.069080
v -0.171507 1.481887 0.062173
v -0.138549 1.538251 -0.030012
v -0.138753 1.499616 -0.037065
v -0.052921 1.549192 -0.091254
v -0.052999 1.510574 -0.098398
v 0.052920 1.549192 -0.091254
v 0.052998 1.510574 -0.098398
v -0.000000 1.648348 0.091913
v 0.048659 1.414344 0.086019
v 0.018586 1.410502 0.107527
v -0.018586 1.410502 0.107527
v -0.048659 1.414344 0.086019
v -0.060146 1.420562 0.051217
v -0.048659 1.426780 0.016415
v -0.018586 1.430622 -0.005093
v 0.018586 1.430622 -0.005093
v 0.048659 1.426780 0.016415
v 0.060146 1.420562 0.051217
v 0.048659 1.287082 0.063283
v 0.018586 1.283240 0.084791
v -0.018586 1.283240 0.084791
v -0.048659 1.287082 0.063283
v -0.060146 1.293300 0.028481
v -0.048659 1.299518 -0.006321
v -0.018586 1.303360 -0.027830
v 0.018586 1.303360 -0.027830
v 0.048659 1.299518 -0.006321
v 0.060146 1.293300 0.028481
v 0.045023 1.078028 0.023250
v 0.055652 1.083782 -0.008952
v 0.045023 1.089535 -0.041153
v 0.017197 1.093090 -0.061054
v -0.017198 1.093090 -0.061054
v -0.045023 1.089535 -0.041153
v -0.055652 1.083781 -0.008952
v -0.045023 1.078028 0.023250
v -0.017198 1.074473 0.043151
v 0.017197 1.074473 0.043151
v 0.009404 0.270265 -0.124894
v -0.009404 0.270265 -0.124894
v -0.024619 0.272209 -0.135776
v -0.030430 0.275355 -0.153384
v -0.024619 0.278500 -0.170991
v -0.009404 0.280445 -0.181874
v 0.009404 0.280445 -0.181874
v 0.024619 0.278500 -0.170991
v 0.030430 0.275355 -0.153384
v 0.024619 0.272209 -0.135776
v 0.097753 1.588441 0.113475
v 0.060415 1.579403 0.164065
v -0.000000 1.575951 0.183389
v -0.060415 1.579403 0.164066
v -0.097753 1.588441 0.113475
v -0.097753 1.599614 0.050941
v -0.060415 1.608652 0.000351
v -0.000000 1.612104 -0.018973
v 0.060415 1.608652 0.000351
v 0.097753 1.599613 0.050941
v 0.163104 1.624526 0.141492
v 0.163104 1.643167 0.037152
v 0.100804 1.658248 -0.047260
v -0.000000 1.664008 -0.079502
v -0.100804 1.658248 -0.047260
v -0.163104 1.643167 0.037152
v -0.163104 1.624526 0.141492
v -0.100804 1.609445 0.225904
v -0.000000 1.603685 0.258146
v 0.100804 1.609445 0.225904
v 0.162668 1.511252 0.121111
v 0.162668 1.529843 0.017050
v 0.100535 1.544884 -0.067137
v -0.000000 1.550629 -0.099293
v -0.100535 1.544884 -0.067137
v -0.162669 1.529843 0.017050
v -0.162669 1.511252 0.121111
v -0.100535 1.496211 0.205298
v -0.000000 1.490466 0.237453
v 0.100534 1.496211 0.205297
v 0.098027 1.475528 0.093393
v 0.098027 1.486732 0.030684
v 0.060584 1.495795 -0.020049
v -0.000000 1.499257 -0.039427
v -0.060585 1.495795 -0.020049
v -0.098027 1.486732 0.030683
v -0.098027 1.475528 0.093393
v -0.060585 1.466464 0.144125
v -0.000000 1.463002 0.163503
v 0.060584 1.466465 0.144125
v 0.035308 1.412015 0.099057
v -0.000000 1.409997 0.110351
v -0.035309 1.412015 0.099057
v -0.057130 1.417297 0.069490
v -0.057130 1.423827 0.032944
v -0.035309 1.429109 0.003377
v -0.000000 1.431127 -0.007917
v 0.035308 1.429109 0.003377
v 0.057130 1.423827 0.032944
v 0.057130 1.417297 0.069491
v 0.048659 1.350764 0.074660
v 0.018586 1.346922 0.096168
v -0.018586 1.346922 0.096168
v -0.048659 1.350764 0.074660
v -0.060146 1.356982 0.039858
v -0.048659 1.363199 0.005056
v -0.018586 1.367042 -0.016452
v 0.018586 1.367042 -0.016452
v 0.048659 1.363199 0.005056
v 0.060146 1.356982 0.039858
v 0.025176 0.136814 -0.169825
v 0.028905 0.273703 -0.144138
v 0.025176 0.139691 -0.185931
v 0.028905 0.277006 -0.162629
v 0.015560 0.142019 -0.198960
v 0.017864 0.279679 -0.177588
v -0.000000 0.142908 -0.203937
v -0.000000 0.280700 -0.183302
v -0.015560 0.142019 -0.198960
v -0.017864 0.279679 -0.177588
v -0.025176 0.139691 -0.185931
v -0.028905 0.277006 -0.162629
v -0.025176 0.136814 -0.169825
v -0.028905 0.273703 -0.144138
v -0.015560 0.134486 -0.156796
v -0.017864 0.271030 -0.129179
v -0.000000 0.133597 -0.151820
v -0.000000 0.270010 -0.123465
v 0.015560 0.134486 -0.156796
v 0.017864 0.271030 -0.129179
v 0.013296 0.671906 -0.040968
v -0.013296 0.671906 -0.040968
v -0.034809 0.674655 -0.056354
v -0.043026 0.679103 -0.081251
v -0.034809 0.683551 -0.106147
v -0.013296 0.686300 -0.121533
v 0.013296 0.686300 -0.121533
v 0.034809 0.683551 -0.106147
v 0.043027 0.679103 -0.081251
v 0.034809 0.674655 -0.056354
v 0.018581 0.042582 -0.220951
v 0.013253 0.054892 -0.234206
v 0.030854 0.068155 -0.233541
v 0.034697 0.052152 -0.218869
v -0.000000 0.043644 -0.226894
v -0.013253 0.054892 -0.234206
v 0.000000 0.069918 -0.243410
v -0.018581 0.042582 -0.220951
v -0.034697 0.052152 -0.218869
v -0.030854 0.068155 -0.233541
v -0.030065 0.039802 -0.205391
v -0.042888 0.047719 -0.194053
v -0.049923 0.063539 -0.207704
v -0.030065 0.036366 -0.186158
v -0.034697 0.043285 -0.169237
v -0.049923 0.057833 -0.175768
v -0.018581 0.033586 -0.170598
v -0.013253 0.040545 -0.153900
v -0.030854 0.053217 -0.149931
v -0.000000 0.032524 -0.164654
v 0.013253 0.040545 -0.153900
v 0.000000 0.051454 -0.140062
v 0.018581 0.033586 -0.170598
v 0.034697 0.043285 -0.169237
v 0.030854 0.053217 -0.149931
v 0.030065 0.036366 -0.186158
v 0.042888 0.047719 -0.194053
v 0.049923 0.057833 -0.175768
v 0.030065 0.039802 -0.205391
v 0.049923 0.063539 -0.207704
v 0.018104 0.085626 -0.243881
v 0.035627 0.100679 -0.234404
v 0.047397 0.081883 -0.222930
v -0.018104 0.085626 -0.243881
v 0.000000 0.102715 -0.245800
v -0.047397 0.081883 -0.222930
v -0.035627 0.100679 -0.234404
v -0.058586 0.075827 -0.189031
v -0.057646 0.095349 -0.204570
v -0.047397 0.069770 -0.155132
v -0.057646 0.088760 -0.167694
v -0.018104 0.066027 -0.134181
v -0.035627 0.083430 -0.137860
v 0.018104 0.066027 -0.134181
v 0.000000 0.081394 -0.126464
v 0.047397 0.069770 -0.155132
v 0.035627 0.083430 -0.137860
v 0.058586 0.075827 -0.189031
v 0.057646 0.088760 -0.167694
v 0.057646 0.095349 -0.204570
v 0.018104 0.118082 -0.238082
v 0.031597 0.129764 -0.223572
v 0.047397 0.114339 -0.217131
v -0.018104 0.118082 -0.238082
v 0.000000 0.131570 -0.233679
v -0.047397 0.114339 -0.217131
v -0.031597 0.129764 -0.223572
v -0.058586 0.108283 -0.183233
v -0.051124 0.125037 -0.197113
v -0.047397 0.102226 -0.149334
v -0.051124 0.119194 -0.164409
v -0.018104 0.098483 -0.128383
v -0.031597 0.114467 -0.137950
v 0.018104 0.098483 -0.128383
v 0.000000 0.112662 -0.127843
v 0.047397 0.102226 -0.149334
v 0.031597 0.114467 -0.137950
v 0.058586 0.108283 -0.183233
v 0.051124 0.119194 -0.164409
v 0.051124 0.125037 -0.197113
v 0.014817 0.139180 -0.224036
v 0.024394 0.142051 -0.211306
v 0.038791 0.136116 -0.206889
v -0.014817 0.139180 -0.224036
v 0.000000 0.143445 -0.219109
v -0.038791 0.136116 -0.206889
v -0.024394 0.142051 -0.211306
v -0.047948 0.131159 -0.179145
v -0.039470 0.138402 -0.190879
v -0.038791 0.126203 -0.151402
v -0.039470 0.133891 -0.165630
v -0.014817 0.123139 -0.134255
v -0.024394 0.130241 -0.145203
v 0.014817 0.123139 -0.134255
v 0.000000 0.128847 -0.137400
v 0.038791 0.126203 -0.151402
v 0.024394 0.130241 -0.145203
v 0.047948 0.131159 -0.179145
v 0.039470 0.133891 -0.165630
v 0.039470 0.138402 -0.190879
v 0.014710 0.034095 -0.207344
v 0.005619 0.035257 -0.213846
v -0.005619 0.035257 -0.213846
v -0.014710 0.034095 -0.207344
v -0.018183 0.032215 -0.196823
v -0.014710 0.030335 -0.186301
v -0.005619 0.029174 -0.179799
v 0.005619 0.029174 -0.179799
v 0.014710 0.030335 -0.186301
v 0.018183 0.032215 -0.196823
v -0.000000 1.074006 0.045763
v -0.000000 1.215748 0.076506
v -0.032670 1.075873 0.035314
v -0.035806 1.217795 0.065053
v -0.052861 1.080760 0.007957
v -0.057935 1.223151 0.035070
v -0.052861 1.086802 -0.025860
v -0.057935 1.229773 -0.001991
v -0.032670 1.091690 -0.053217
v -0.035806 1.235129 -0.031974
v -0.000000 1.093557 -0.063667
v -0.000000 1.237175 -0.043427
v 0.032670 1.091690 -0.053217
v 0.035806 1.235129 -0.031974
v 0.052861 1.086802 -0.025860
v 0.057935 1.229773 -0.001991
v 0.052861 1.080760 0.007956
v 0.057935 1.223151 0.035070
v 0.032670 1.075873 0.035314
v 0.035806 1.217795 0.065053
v -0.063177 1.644591 0.116283
v -0.042967 1.639699 0.143666
v -0.042967 1.658154 0.040366
v -0.063177 1.653262 0.067750
v 0.036622 1.658965 0.035829
v 0.003921 1.660834 0.025369
v -0.000000 1.212871 0.104653
v 0.052390 1.215864 0.087896
v -0.084768 1.223702 0.044026
v -0.052390 1.215864 0.087896
v -0.052390 1.241228 -0.054072
v -0.084768 1.233390 -0.010202
v 0.052390 1.241228 -0.054072
v -0.000000 1.244222 -0.070829
v 0.084768 1.223702 0.044026
v 0.084768 1.233390 -0.010202
v -0.000000 1.252274 0.112100
v 0.052625 1.255281 0.095268
v -0.085149 1.263154 0.051200
v -0.052625 1.255281 0.095268
v -0.052626 1.280759 -0.047339
v -0.085149 1.272886 -0.003271
v 0.052625 1.280759 -0.047339
v -0.000000 1.283766 -0.064172
v 0.085149 1.263154 0.051200
v 0.085149 1.272886 -0.003271
v -0.000000 1.258375 0.084049
v -0.000000 1.282735 0.087614
v 0.035764 1.260419 0.072610
v 0.035308 1.284753 0.076321
v -0.057867 1.265769 0.042662
v -0.057130 1.290035 0.046754
v -0.035764 1.260419 0.072610
v -0.035309 1.284753 0.076321
v -0.035764 1.277733 -0.024304
v -0.035309 1.301847 -0.019360
v -0.057867 1.272383 0.005644
v -0.057130 1.296565 0.010207
v 0.035764 1.277733 -0.024304
v 0.035308 1.301847 -0.019360
v -0.000000 1.279777 -0.035743
v -0.000000 1.303865 -0.030653
v 0.057130 1.290035 0.046754
v 0.057867 1.265769 0.042662
v 0.057867 1.272383 0.005644
v 0.057130 1.296565 0.010207
v -0.000000 1.433396 0.115768
v 0.036024 1.435454 0.104245
v -0.058288 1.440843 0.074079
v -0.036024 1.435454 0.104246
v -0.036024 1.452895 0.006626
v -0.058288 1.447505 0.036792
v 0.036024 1.452895 0.006626
v -0.000000 1.454953 -0.004896
v 0.058288 1.440843 0.074079
v 0.058288 1.447505 0.036792
v -0.000000 1.655583 0.181125
v 0.050873 1.658490 0.164854
v -0.082314 1.666101 0.122254
v -0.050873 1.658490 0.164854
v -0.050873 1.683120 0.026997
v -0.082314 1.675509 0.069597
v 0.050873 1.683120 0.026997
v -0.000000 1.686027 0.010725
v 0.082313 1.666101 0.122254
v 0.082313 1.675509 0.069597
v 0.003921 1.637020 0.158663
v 0.036622 1.638888 0.148204
v 0.065601 1.645903 0.108940
v 0.065601 1.651950 0.075092
v -0.000000 1.427772 0.152032
v 0.057589 1.431063 0.133612
v -0.093181 1.439678 0.085388
v -0.057589 1.431063 0.133612
v -0.057589 1.458944 -0.022445
v -0.093181 1.450328 0.025779
v 0.057589 1.458944 -0.022445
v -0.000000 1.462235 -0.040865
v 0.093181 1.439678 0.085388
v 0.093181 1.450328 0.025779
v 0.096604 1.664948 0.126764
v 0.059704 1.656016 0.176760
v -0.000000 1.652604 0.195856
v -0.059705 1.656016 0.176760
v -0.096604 1.664948 0.126764
v -0.096604 1.675989 0.064966
v -0.059705 1.684921 0.014970
v -0.000000 1.688332 -0.004126
v 0.059704 1.684921 0.014970
v 0.096604 1.675989 0.064966
v 0.162888 1.604305 0.030281
v 0.097577 1.640413 0.058288
v 0.097577 1.629260 0.120710
v 0.162888 1.585689 0.134482
v 0.060306 1.620238 0.171209
v 0.100670 1.570628 0.218782
v -0.000000 1.616792 0.190498
v -0.000000 1.564875 0.250982
v -0.060306 1.620238 0.171209
v -0.100671 1.570628 0.218782
v -0.097577 1.629260 0.120710
v -0.162888 1.585689 0.134482
v -0.097577 1.640413 0.058288
v -0.162888 1.604305 0.030281
v -0.060306 1.649435 0.007789
v -0.100671 1.619366 -0.054020
v -0.000000 1.652881 -0.011500
v -0.000000 1.625119 -0.086219
v 0.060306 1.649435 0.007789
v 0.100670 1.619366 -0.054020
v 0.162908 1.491196 0.010066
v 0.098392 1.527270 0.037805
v 0.098392 1.516025 0.100748
v 0.162908 1.472577 0.114281
v 0.060810 1.506927 0.151670
v 0.100683 1.457514 0.198591
v -0.000000 1.503452 0.171119
v -0.000000 1.451761 0.230795
v -0.060810 1.506927 0.151670
v -0.100683 1.457514 0.198591
v -0.098392 1.516025 0.100748
v -0.162908 1.472577 0.114280
v -0.098392 1.527270 0.037806
v -0.162908 1.491196 0.010066
v -0.060810 1.536367 -0.013116
v -0.100683 1.506259 -0.074245
v -0.000000 1.539842 -0.032566
v -0.000000 1.512012 -0.106448
v 0.060810 1.536367 -0.013116
v 0.100683 1.506259 -0.074245
v 0.025177 0.053813 -0.228166
v -0.000000 0.055252 -0.236219
v -0.025177 0.053813 -0.228166
v -0.040737 0.050047 -0.207083
v -0.040737 0.045391 -0.181023
v -0.025177 0.041624 -0.159940
v -0.000000 0.040185 -0.151887
v 0.025177 0.041624 -0.159940
v 0.040737 0.045391 -0.181023
v 0.040737 0.050047 -0.207083
v 0.034392 0.084152 -0.235630
v 0.000000 0.086117 -0.246631
v -0.034392 0.084152 -0.235630
v -0.055648 0.079007 -0.206830
v -0.055648 0.072647 -0.171232
v -0.034392 0.067501 -0.142432
v 0.000000 0.065536 -0.131431
v 0.034392 0.067501 -0.142432
v 0.055648 0.072647 -0.171232
v 0.055648 0.079007 -0.206830
v 0.034392 0.116608 -0.229832
v 0.000000 0.118573 -0.240833
v -0.034392 0.116608 -0.229832
v -0.055648 0.111463 -0.201032
v -0.055648 0.105103 -0.165433
v -0.034392 0.099957 -0.136633
v 0.000000 0.097992 -0.125633
v 0.034392 0.099957 -0.136633
v 0.055648 0.105103 -0.165433
v 0.055648 0.111463 -0.201032
v 0.028148 0.137973 -0.217283
v 0.000000 0.139582 -0.226287
v -0.028148 0.137973 -0.217283
v -0.045544 0.133762 -0.193713
v -0.045544 0.128557 -0.164578
v -0.028148 0.124346 -0.141008
v 0.000000 0.122737 -0.132004
v 0.028148 0.124346 -0.141007
v 0.045544 0.128557 -0.164578
v 0.045544 0.133762 -0.193713
v 0.012287 0.035914 -0.213341
v -0.000000 0.036616 -0.217272
v -0.012287 0.035914 -0.213342
v -0.019881 0.034076 -0.203052
v -0.019881 0.031804 -0.190334
v -0.012287 0.029966 -0.180045
v -0.000000 0.029263 -0.176115
v 0.012287 0.029966 -0.180045
v 0.019881 0.031804 -0.190334
v 0.019881 0.034076 -0.203052
v 0.035308 1.348435 0.087698
v -0.000000 1.346417 0.098991
v -0.035309 1.348435 0.087698
v -0.057130 1.353717 0.058131
v -0.057130 1.360247 0.021584
v -0.035309 1.365529 -0.007982
v -0.000000 1.367547 -0.019276
v 0.035308 1.365529 -0.007982
v 0.057130 1.360247 0.021585
v 0.057130 1.353717 0.058131
v -0.000000 0.671545 -0.038948
v -0.025259 0.672989 -0.047027
v -0.040869 0.676768 -0.068178
v -0.040869 0.681439 -0.094323
v -0.025259 0.685217 -0.115474
v -0.000000 0.686661 -0.123553
v 0.025259 0.685217 -0.115474
v 0.040869 0.681439 -0.094323
v 0.040869 0.676768 -0.068178
v 0.025259 0.672989 -0.047027
vt 1.000000 0.332008
vt 0.973381 0.332008
vt 0.973381 0.321788
vt 1.000000 0.321788
vt 0.973381 0.313922
vt 1.000000 0.313922
vt 0.973381 0.304105
vt 1.000000 0.304105
vt 0.973381 0.294818
vt 1.000000 0.294818
vt 1.000000 0.275969
vt 0.973381 0.275969
vt 0.973381 0.265751
vt 1.000000 0.265751
vt 0.973381 0.255586
vt 1.000000 0.255586
vt 1.000000 0.352051
vt 0.973381 0.352051
vt 1.000000 0.361107
vt 0.973381 0.361107
vt 0.973381 0.233513
vt 1.000000 0.233513
vt 1.000000 0.243602
vt 0.973381 0.243602
vt 0.973381 0.203476
vt 1.000000 0.203476
vt 0.973381 0.090014
vt 1.000000 0.090014
vt 0.973381 0.248368
vt 1.000000 0.248368
vt 0.973381 0.285449
vt 1.000000 0.285449
vt 0.973381 0.053729
vt 1.000000 0.053729
vt 0.974600 0.035805
vt 0.998781 0.035805
vt 0.983132 0.000008
vt 0.990249 0.000008
vt 0.746468 0.475274
vt 0.746468 0.488581
vt 0.719849 0.488581
vt 0.719849 0.475274
vt 0.746468 0.498693
vt 0.719849 0.498693
vt 0.746468 0.510106
vt 0.719849 0.510106
vt 0.746468 0.522290
vt 0.719849 0.522290
vt 0.746468 0.548592
vt 0.746468 0.562278
vt 0.719849 0.562278
vt 0.719849 0.548592
vt 0.746468 0.575113
vt 0.719849 0.575113
vt 0.746468 0.453592
vt 0.719849 0.453592
vt 0.719849 0.444204
vt 0.746468 0.444204
vt 0.719849 0.601991
vt 0.719849 0.593984
vt 0.746468 0.593984
vt 0.746468 0.601991
vt 0.746468 0.626422
vt 0.719849 0.626422
vt 0.719849 0.736889
vt 0.746468 0.736889
vt 0.719849 0.585373
vt 0.746468 0.585373
vt 0.746468 0.535239
vt 0.719849 0.535239
vt 0.719849 0.770229
vt 0.746468 0.770229
vt 0.745249 0.788901
vt 0.721068 0.788901
vt 0.736717 0.826857
vt 0.729600 0.826857
vt 0.833134 0.315171
vt 0.821244 0.321147
vt 0.815753 0.307311
vt 0.824885 0.302723
vt 0.907390 0.321142
vt 0.895500 0.315167
vt 0.903749 0.302718
vt 0.912881 0.307307
vt 0.840836 0.308621
vt 0.830877 0.297627
vt 0.887798 0.308616
vt 0.897757 0.297622
vt 0.849051 0.300697
vt 0.837942 0.290811
vt 0.879583 0.300692
vt 0.890692 0.290806
vt 0.856434 0.291005
vt 0.843570 0.283424
vt 0.872200 0.291000
vt 0.885064 0.283419
vt 0.862467 0.252380
vt 0.863910 0.265990
vt 0.848948 0.265504
vt 0.847871 0.255343
vt 0.864724 0.265985
vt 0.866167 0.252376
vt 0.880763 0.255338
vt 0.879686 0.265499
vt 0.858737 0.240100
vt 0.844916 0.245616
vt 0.869897 0.240095
vt 0.883718 0.245611
vt 0.800466 0.327344
vt 0.796546 0.313041
vt 0.928168 0.327340
vt 0.932088 0.313036
vt 0.940873 0.315234
vt 0.937275 0.329618
vt 0.791359 0.329623
vt 0.787761 0.315239
vt 0.880066 0.224358
vt 0.886718 0.219900
vt 0.898416 0.229908
vt 0.890036 0.235525
vt 0.841916 0.219904
vt 0.848567 0.224362
vt 0.838598 0.235530
vt 0.830217 0.229913
vt 0.831619 0.197749
vt 0.817558 0.202674
vt 0.897015 0.197745
vt 0.911076 0.202670
vt 0.923038 0.090387
vt 0.937808 0.092402
vt 0.805595 0.090391
vt 0.790826 0.092406
vt 0.874495 0.230923
vt 0.886952 0.239159
vt 0.854139 0.230927
vt 0.841682 0.239163
vt 0.861643 0.279150
vt 0.847339 0.274846
vt 0.866991 0.279146
vt 0.881295 0.274841
vt 0.924121 0.057065
vt 0.938986 0.056136
vt 0.804512 0.057069
vt 0.789647 0.056140
vt 0.792458 0.038396
vt 0.807441 0.038588
vt 0.921193 0.038583
vt 0.936175 0.038391
vt 0.926169 0.000000
vt 0.940874 0.001893
vt 0.787759 0.001898
vt 0.802465 0.000005
vt 0.233484 0.000008
vt 0.233484 0.014835
vt 0.226368 0.014835
vt 0.226368 0.000008
vt 1.000000 0.332008
vt 0.973381 0.332008
vt 0.973381 0.321788
vt 1.000000 0.321788
vt 0.973381 0.313922
vt 1.000000 0.313922
vt 0.973381 0.304105
vt 1.000000 0.304105
vt 0.973381 0.294818
vt 1.000000 0.294818
vt 1.000000 0.275969
vt 0.973381 0.275969
vt 0.973381 0.265751
vt 1.000000 0.265751
vt 0.973381 0.255586
vt 1.000000 0.255586
vt 1.000000 0.352051
vt 0.973381 0.352051
vt 1.000000 0.361107
vt 0.973381 0.361107
vt 0.973381 0.233513
vt 1.000000 0.233513
vt 1.000000 0.243602
vt 0.973381 0.243602
vt 0.973381 0.203476
vt 1.000000 0.203476
vt 0.973381 0.090014
vt 1.000000 0.090014
vt 0.973381 0.248368
vt 1.000000 0.248368
vt 0.973381 0.285449
vt 1.000000 0.285449
vt 0.973381 0.053729
vt 1.000000 0.053729
vt 0.974600 0.035805
vt 0.998781 0.035805
vt 0.983132 0.000008
vt 0.990249 0.000008
vt 0.746468 0.475274
vt 0.746468 0.488581
vt 0.719849 0.488581
vt 0.719849 0.475274
vt 0.746468 0.498693
vt 0.719849 0.498693
vt 0.746468 0.510106
vt 0.719849 0.510106
vt 0.746468 0.522290
vt 0.719849 0.522290
vt 0.746468 0.548592
vt 0.746468 0.562278
vt 0.719849 0.562278
vt 0.719849 0.548592
vt 0.746468 0.575113
vt 0.719849 0.575113
vt 0.746468 0.453592
vt 0.719849 0.453592
vt 0.719849 0.444204
vt 0.746468 0.444204
vt 0.719849 0.601991
vt 0.719849 0.593984
vt 0.746468 0.593984
vt 0.746468 0.601991
vt 0.746468 0.626422
vt 0.719849 0.626422
vt 0.719849 0.736889
vt 0.746468 0.736889
vt 0.719849 0.585373
vt 0.746468 0.585373
vt 0.746468 0.535239
vt 0.719849 0.535239
vt 0.719849 0.770229
vt 0.746468 0.770229
vt 0.745249 0.788901
vt 0.721068 0.788901
vt 0.736717 0.826857
vt 0.729600 0.826857
vt 0.833134 0.315171
vt 0.821244 0.321147
vt 0.815753 0.307311
vt 0.824885 0.302723
vt 0.907390 0.321142
vt 0.895500 0.315167
vt 0.903749 0.302718
vt 0.912881 0.307307
vt 0.840836 0.308621
vt 0.830877 0.297627
vt 0.887798 0.308616
vt 0.897757 0.297622
vt 0.849051 0.300697
vt 0.837942 0.290811
vt 0.879583 0.300692
vt 0.890692 0.290806
vt 0.856434 0.291005
vt 0.843570 0.283424
vt 0.872200 0.291000
vt 0.885064 0.283419
vt 0.862467 0.252380
vt 0.863910 0.265990
vt 0.848948 0.265504
vt 0.847871 0.255343
vt 0.864724 0.265985
vt 0.866167 0.252376
vt 0.880763 0.255338
vt 0.879686 0.265499
vt 0.858737 0.240100
vt 0.844916 0.245616
vt 0.869897 0.240095
vt 0.883718 0.245611
vt 0.800466 0.327344
vt 0.796546 0.313041
vt 0.928168 0.327340
vt 0.932088 0.313036
vt 0.940873 0.315234
vt 0.937275 0.329618
vt 0.791359 0.329623
vt 0.787761 0.315239
vt 0.880066 0.224358
vt 0.886718 0.219900
vt 0.898416 0.229908
vt 0.890036 0.235525
vt 0.841916 0.219904
vt 0.848567 0.224362
vt 0.838598 0.235530
vt 0.830217 0.229913
vt 0.831619 0.197749
vt 0.817558 0.202674
vt 0.897015 0.197745
vt 0.911076 0.202670
vt 0.923038 0.090387
vt 0.937808 0.092402
vt 0.805595 0.090391
vt 0.790826 0.092406
vt 0.874495 0.230923
vt 0.886952 0.239159
vt 0.854139 0.230927
vt 0.841682 0.239163
vt 0.861643 0.279150
vt 0.847339 0.274846
vt 0.866991 0.279146
vt 0.881295 0.274841
vt 0.924121 0.057065
vt 0.938986 0.056136
vt 0.804512 0.057069
vt 0.789647 0.056140
vt 0.792458 0.038396
vt 0.807441 0.038588
vt 0.921193 0.038583
vt 0.936175 0.038391
vt 0.926169 0.000000
vt 0.940874 0.001893
vt 0.787759 0.001898
vt 0.802465 0.000005
vt 0.233484 0.000008
vt 0.233484 0.014835
vt 0.226368 0.014835
vt 0.226368 0.000008
vt 1.000000 0.332008
vt 0.973381 0.332008
vt 0.973381 0.321788
vt 1.000000 0.321788
vt 0.973381 0.313922
vt 1.000000 0.313922
vt 0.973381 0.304105
vt 1.000000 0.304105
vt 0.973381 0.294818
vt 1.000000 0.294818
vt 1.000000 0.275969
vt 0.973381 0.275969
vt 0.973381 0.265751
vt 1.000000 0.265751
vt 0.973381 0.255586
vt 1.000000 0.255586
vt 1.000000 0.352051
vt 0.973381 0.352051
vt 1.000000 0.361107
vt 0.973381 0.361107
vt 0.973381 0.233513
vt 1.000000 0.233513
vt 1.000000 0.243602
vt 0.973381 0.243602
vt 0.973381 0.203476
vt 1.000000 0.203476
vt 0.973381 0.090014
vt 1.000000 0.090014
vt 0.973381 0.248368
vt 1.000000 0.248368
vt 0.973381 0.285449
vt 1.000000 0.285449
vt 0.973381 0.053729
vt 1.000000 0.053729
vt 0.974600 0.035805
vt 0.998781 0.035805
vt 0.983132 0.000008
vt 0.990249 0.000008
vt 0.746468 0.475274
vt 0.746468 0.488581
vt 0.719849 0.488581
vt 0.719849 0.475274
vt 0.746468 0.498693
vt 0.719849 0.498693
vt 0.746468 0.510106
vt 0.719849 0.510106
vt 0.746468 0.522290
vt 0.719849 0.522290
vt 0.746468 0.548592
vt 0.746468 0.562278
vt 0.719849 0.562278
vt 0.719849 0.548592
vt 0.746468 0.575113
vt 0.719849 0.575113
vt 0.746468 0.453592
vt 0.719849 0.453592
vt 0.719849 0.444204
vt 0.746468 0.444204
vt 0.719849 0.601991
vt 0.719849 0.593984
vt 0.746468 0.593984
vt 0.746468 0.601991
vt 0.746468 0.626422
vt 0.719849 0.626422
vt 0.719849 0.736889
vt 0.746468 0.736889
vt 0.719849 0.585373
vt 0.746468 0.585373
vt 0.746468 0.535239
vt 0.719849 0.535239
vt 0.719849 0.770229
vt 0.746468 0.770229
vt 0.745249 0.788901
vt 0.721068 0.788901
vt 0.736717 0.826857
vt 0.729600 0.826857
vt 0.833134 0.315171
vt 0.821244 0.321147
vt 0.815753 0.307311
vt 0.824885 0.302723
vt 0.907390 0.321142
vt 0.895500 0.315167
vt 0.903749 0.302718
vt 0.912881 0.307307
vt 0.840836 0.308621
vt 0.830877 0.297627
vt 0.887798 0.308616
vt 0.897757 0.297622
vt 0.849051 0.300697
vt 0.837942 0.290811
vt 0.879583 0.300692
vt 0.890692 0.290806
vt 0.856434 0.291005
vt 0.843570 0.283424
vt 0.872200 0.291000
vt 0.885064 0.283419
vt 0.862467 0.252380
vt 0.863910 0.265990
vt 0.848948 0.265504
vt 0.847871 0.255343
vt 0.864724 0.265985
vt 0.866167 0.252376
vt 0.880763 0.255338
vt 0.879686 0.265499
vt 0.858737 0.240100
vt 0.844916 0.245616
vt 0.869897 0.240095
vt 0.883718 0.245611
vt 0.800466 0.327344
vt 0.796546 0.313041
vt 0.928168 0.327340
vt 0.932088 0.313036
vt 0.940873 0.315234
vt 0.937275 0.329618
vt 0.791359 0.329623
vt 0.787761 0.315239
vt 0.880066 0.224358
vt 0.886718 0.219900
vt 0.898416 0.229908
vt 0.890036 0.235525
vt 0.841916 0.219904
vt 0.848567 0.224362
vt 0.838598 0.235530
vt 0.830217 0.229913
vt 0.831619 0.197749
vt 0.817558 0.202674
vt 0.897015 0.197745
vt 0.911076 0.202670
vt 0.923038 0.090387
vt 0.937808 0.092402
vt 0.805595 0.090391
vt 0.790826 0.092406
vt 0.874495 0.230923
vt 0.886952 0.239159
vt 0.854139 0.230927
vt 0.841682 0.239163
vt 0.861643 0.279150
vt 0.847339 0.274846
vt 0.866991 0.279146
vt 0.881295 0.274841
vt 0.924121 0.057065
vt 0.938986 0.056136
vt 0.804512 0.057069
vt 0.789647 0.056140
vt 0.792458 0.038396
vt 0.807441 0.038588
vt 0.921193 0.038583
vt 0.936175 0.038391
vt 0.926169 0.000000
vt 0.940874 0.001893
vt 0.787759 0.001898
vt 0.802465 0.000005
vt 0.233484 0.000008
vt 0.233484 0.014835
vt 0.226368 0.014835
vt 0.226368 0.000008
vt 1.000000 0.332008
vt 0.973381 0.332008
vt 0.973381 0.321788
vt 1.000000 0.321788
vt 0.973381 0.313922
vt 1.000000 0.313922
vt 0.973381 0.304105
vt 1.000000 0.304105
vt 0.973381 0.294818
vt 1.000000 0.294818
vt 1.000000 0.275969
vt 0.973381 0.275969
vt 0.973381 0.265751
vt 1.000000 0.265751
vt 0.973381 0.255586
vt 1.000000 0.255586
vt 1.000000 0.352051
vt 0.973381 0.352051
vt 1.000000 0.361107
vt 0.973381 0.361107
vt 0.973381 0.233513
vt 1.000000 0.233513
vt 1.000000 0.243602
vt 0.973381 0.243602
vt 0.973381 0.203476
vt 1.000000 0.203476
vt 0.973381 0.090014
vt 1.000000 0.090014
vt 0.973381 0.248368
vt 1.000000 0.248368
vt 0.973381 0.285449
vt 1.000000 0.285449
vt 0.973381 0.053729
vt 1.000000 0.053729
vt 0.974600 0.035805
vt 0.998781 0.035805
vt 0.983132 0.000008
vt 0.990249 0.000008
vt 0.746468 0.475274
vt 0.746468 0.488581
vt 0.719849 0.488581
vt 0.719849 0.475274
vt 0.746468 0.498693
vt 0.719849 0.498693
vt 0.746468 0.510106
vt 0.719849 0.510106
vt 0.746468 0.522290
vt 0.719849 0.522290
vt 0.746468 0.548592
vt 0.746468 0.562278
vt 0.719849 0.562278
vt 0.719849 0.548592
vt 0.746468 0.575113
vt 0.719849 0.575113
vt 0.746468 0.453592
vt 0.719849 0.453592
vt 0.719849 0.444204
vt 0.746468 0.444204
vt 0.719849 0.601991
vt 0.719849 0.593984
vt 0.746468 0.593984
vt 0.746468 0.601991
vt 0.746468 0.626422
vt 0.719849 0.626422
vt 0.719849 0.736889
vt 0.746468 0.736889
vt 0.719849 0.585373
vt 0.746468 0.585373
vt 0.746468 0.535239
vt 0.719849 0.535239
vt 0.719849 0.770229
vt 0.746468 0.770229
vt 0.745249 0.788901
vt 0.721068 0.788901
vt 0.736717 0.826857
vt 0.729600 0.826857
vt 0.833134 0.315171
vt 0.821244 0.321147
vt 0.815753 0.307311
vt 0.824885 0.302723
vt 0.907390 0.321142
vt 0.895500 0.315167
vt 0.903749 0.302718
vt 0.912881 0.307307
vt 0.840836 0.308621
vt 0.830877 0.297627
vt 0.887798 0.308616
vt 0.897757 0.297622
vt 0.849051 0.300697
vt 0.837942 0.290811
vt 0.879583 0.300692
vt 0.890692 0.290806
vt 0.856434 0.291005
vt 0.843570 0.283424
vt 0.872200 0.291000
vt 0.885064 0.283419
vt 0.862467 0.252380
vt 0.863910 0.265990
vt 0.848948 0.265504
vt 0.847871 0.255343
vt 0.864724 0.265985
vt 0.866167 0.252376
vt 0.880763 0.255338
vt 0.879686 0.265499
vt 0.858737 0.240100
vt 0.844916 0.245616
vt 0.869897 0.240095
vt 0.883718 0.245611
vt 0.800466 0.327344
vt 0.796546 0.313041
vt 0.928168 0.327340
vt 0.932088 0.313036
vt 0.940873 0.315234
vt 0.937275 0.329618
vt 0.791359 0.329623
vt 0.787761 0.315239
vt 0.880066 0.224358
vt 0.886718 0.219900
vt 0.898416 0.229908
vt 0.890036 0.235525
vt 0.841916 0.219904
vt 0.848567 0.224362
vt 0.838598 0.235530
vt 0.830217 0.229913
vt 0.831619 0.197749
vt 0.817558 0.202674
vt 0.897015 0.197745
vt 0.911076 0.202670
vt 0.923038 0.090387
vt 0.937808 0.092402
vt 0.805595 0.090391
vt 0.790826 0.092406
vt 0.874495 0.230923
vt 0.886952 0.239159
vt 0.854139 0.230927
vt 0.841682 0.239163
vt 0.861643 0.279150
vt 0.847339 0.274846
vt 0.866991 0.279146
vt 0.881295 0.274841
vt 0.924121 0.057065
vt 0.938986 0.056136
vt 0.804512 0.057069
vt 0.789647 0.056140
vt 0.792458 0.038396
vt 0.807441 0.038588
vt 0.921193 0.038583
vt 0.936175 0.038391
vt 0.926169 0.000000
vt 0.940874 0.001893
vt 0.787759 0.001898
vt 0.802465 0.000005
vt 0.233484 0.000008
vt 0.233484 0.014835
vt 0.226368 0.014835
vt 0.226368 0.000008
vt 0.407160 0.763332
vt 0.384825 0.763332
vt 0.384825 0.751106
vt 0.407160 0.751107
vt 0.407160 0.775557
vt 0.384825 0.775557
vt 0.407160 0.787783
vt 0.384825 0.787783
vt 0.407160 0.800008
vt 0.384825 0.800008
vt 0.407160 0.812234
vt 0.384825 0.812234
vt 0.407160 0.824459
vt 0.384825 0.824459
vt 0.407160 0.836685
vt 0.384825 0.836685
vt 0.407160 0.848910
vt 0.384825 0.848910
vt 0.407160 0.861136
vt 0.384825 0.861136
vt 0.407160 0.873361
vt 0.384825 0.873361
vt 0.407160 0.885587
vt 0.384825 0.885587
vt 0.407160 0.897812
vt 0.384825 0.897812
vt 0.407159 0.910038
vt 0.384825 0.910038
vt 0.407159 0.922263
vt 0.384825 0.922263
vt 0.407160 0.677754
vt 0.407160 0.689979
vt 0.384825 0.689979
vt 0.384825 0.677754
vt 0.407160 0.702205
vt 0.384825 0.702205
vt 0.407160 0.714430
vt 0.384825 0.714430
vt 0.407160 0.726656
vt 0.384825 0.726656
vt 0.407160 0.738881
vt 0.384825 0.738881
vt 0.335666 0.735245
vt 0.326545 0.718995
vt 0.332902 0.713586
vt 0.347977 0.727317
vt 0.322275 0.740453
vt 0.318508 0.721744
vt 0.307953 0.741176
vt 0.310055 0.721935
vt 0.294100 0.737393
vt 0.301974 0.719530
vt 0.282059 0.729514
vt 0.294953 0.714848
vt 0.272992 0.718265
vt 0.289743 0.708237
vt 0.267830 0.704722
vt 0.286844 0.700336
vt 0.267114 0.690215
vt 0.286542 0.691919
vt 0.270932 0.676180
vt 0.288868 0.683813
vt 0.278915 0.664009
vt 0.293597 0.676815
vt 0.290278 0.654902
vt 0.300268 0.671616
vt 0.303904 0.649754
vt 0.308228 0.668730
vt 0.318459 0.649073
vt 0.316696 0.668443
vt 0.332518 0.652929
vt 0.324842 0.670787
vt 0.344704 0.660950
vt 0.331864 0.675533
vt 0.353825 0.672363
vt 0.337068 0.682215
vt 0.358986 0.686064
vt 0.339938 0.690174
vt 0.359684 0.700725
vt 0.340181 0.698617
vt 0.355869 0.714930
vt 0.337761 0.706696
vt 0.826590 0.051127
vt 0.817172 0.052880
vt 0.814884 0.042452
vt 0.825273 0.040888
vt 0.828931 0.061218
vt 0.819152 0.063283
vt 0.831340 0.071276
vt 0.821574 0.073597
vt 0.833976 0.081278
vt 0.824267 0.083841
vt 0.836855 0.091213
vt 0.827212 0.094013
vt 0.839974 0.101078
vt 0.830401 0.104107
vt 0.843326 0.110867
vt 0.833827 0.114119
vt 0.846904 0.120579
vt 0.837483 0.124047
vt 0.850701 0.130210
vt 0.841360 0.133887
vt 0.854710 0.139755
vt 0.845452 0.143636
vt 0.858925 0.149212
vt 0.849753 0.153295
vt 0.863344 0.158569
vt 0.854263 0.162869
vt 0.867974 0.167792
vt 0.859002 0.172389
vt 0.872873 0.176751
vt 0.864089 0.181955
vt 0.878274 0.184969
vt 0.870163 0.191711
vt 0.884714 0.191076
vt 0.879973 0.199724
vt 0.819496 0.000029
vt 0.821442 0.010120
vt 0.811382 0.010823
vt 0.810396 0.000008
vt 0.822461 0.020396
vt 0.812465 0.021384
vt 0.823705 0.030666
vt 0.813711 0.031896
vt 0.933711 0.337933
vt 0.940301 0.344811
vt 0.933055 0.352457
vt 0.925853 0.344782
vt 0.940910 0.330501
vt 0.948037 0.337535
vt 0.947865 0.322949
vt 0.955383 0.329695
vt 0.954373 0.315168
vt 0.962519 0.321373
vt 0.959827 0.307110
vt 0.969272 0.311852
vt 0.962687 0.298832
vt 0.972439 0.299449
vt 0.805869 0.425169
vt 0.814385 0.419161
vt 0.818807 0.428218
vt 0.809483 0.433265
vt 0.823708 0.414483
vt 0.828128 0.423501
vt 0.832991 0.409802
vt 0.837506 0.418771
vt 0.842161 0.404967
vt 0.846848 0.413850
vt 0.851209 0.399933
vt 0.856098 0.408709
vt 0.860128 0.394686
vt 0.865229 0.403341
vt 0.868913 0.389222
vt 0.874229 0.397747
vt 0.877557 0.383539
vt 0.883087 0.391927
vt 0.886052 0.377638
vt 0.891795 0.385882
vt 0.894392 0.371521
vt 0.900346 0.379614
vt 0.902568 0.365190
vt 0.908735 0.373124
vt 0.910570 0.358648
vt 0.916958 0.366414
vt 0.918369 0.351882
vt 0.925031 0.359486
vt 1.000000 0.332008
vt 0.973381 0.332008
vt 0.973381 0.321788
vt 1.000000 0.321788
vt 0.973381 0.313922
vt 1.000000 0.313922
vt 0.973381 0.304105
vt 1.000000 0.304105
vt 0.973381 0.294818
vt 1.000000 0.294818
vt 1.000000 0.275969
vt 0.973381 0.275969
vt 0.973381 0.265751
vt 1.000000 0.265751
vt 0.973381 0.255586
vt 1.000000 0.255586
vt 1.000000 0.352051
vt 0.973381 0.352051
vt 1.000000 0.361107
vt 0.973381 0.361107
vt 0.973381 0.233513
vt 1.000000 0.233513
vt 1.000000 0.243602
vt 0.973381 0.243602
vt 0.973381 0.203476
vt 1.000000 0.203476
vt 0.973381 0.090014
vt 1.000000 0.090014
vt 0.973381 0.248368
vt 1.000000 0.248368
vt 0.973381 0.285449
vt 1.000000 0.285449
vt 0.973381 0.053729
vt 1.000000 0.053729
vt 0.974600 0.035805
vt 0.998781 0.035805
vt 0.983132 0.000008
vt 0.990249 0.000008
vt 0.746468 0.475274
vt 0.746468 0.488581
vt 0.719849 0.488581
vt 0.719849 0.475274
vt 0.746468 0.498693
vt 0.719849 0.498693
vt 0.746468 0.510106
vt 0.719849 0.510106
vt 0.746468 0.522290
vt 0.719849 0.522290
vt 0.746468 0.548592
vt 0.746468 0.562278
vt 0.719849 0.562278
vt 0.719849 0.548592
vt 0.746468 0.575113
vt 0.719849 0.575113
vt 0.746468 0.453592
vt 0.719849 0.453592
vt 0.719849 0.444204
vt 0.746468 0.444204
vt 0.719849 0.601991
vt 0.719849 0.593984
vt 0.746468 0.593984
vt 0.746468 0.601991
vt 0.746468 0.626422
vt 0.719849 0.626422
vt 0.719849 0.736889
vt 0.746468 0.736889
vt 0.719849 0.585373
vt 0.746468 0.585373
vt 0.746468 0.535239
vt 0.719849 0.535239
vt 0.719849 0.770229
vt 0.746468 0.770229
vt 0.745249 0.788901
vt 0.721068 0.788901
vt 0.736717 0.826857
vt 0.729600 0.826857
vt 0.833134 0.315171
vt 0.821244 0.321147
vt 0.815753 0.307311
vt 0.824885 0.302723
vt 0.907390 0.321142
vt 0.895500 0.315167
vt 0.903749 0.302718
vt 0.912881 0.307307
vt 0.840836 0.308621
vt 0.830877 0.297627
vt 0.887798 0.308616
vt 0.897757 0.297622
vt 0.849051 0.300697
vt 0.837942 0.290811
vt 0.879583 0.300692
vt 0.890692 0.290806
vt 0.856434 0.291005
vt 0.843570 0.283424
vt 0.872200 0.291000
vt 0.885064 0.283419
vt 0.862467 0.252380
vt 0.863910 0.265990
vt 0.848948 0.265504
vt 0.847871 0.255343
vt 0.864724 0.265985
vt 0.866167 0.252376
vt 0.880763 0.255338
vt 0.879686 0.265499
vt 0.858737 0.240100
vt 0.844916 0.245616
vt 0.869897 0.240095
vt 0.883718 0.245611
vt 0.800466 0.327344
vt 0.796546 0.313041
vt 0.928168 0.327340
vt 0.932088 0.313036
vt 0.940873 0.315234
vt 0.937275 0.329618
vt 0.791359 0.329623
vt 0.787761 0.315239
vt 0.880066 0.224358
vt 0.886718 0.219900
vt 0.898416 0.229908
vt 0.890036 0.235525
vt 0.841916 0.219904
vt 0.848567 0.224362
vt 0.838598 0.235530
vt 0.830217 0.229913
vt 0.831619 0.197749
vt 0.817558 0.202674
vt 0.897015 0.197745
vt 0.911076 0.202670
vt 0.923038 0.090387
vt 0.937808 0.092402
vt 0.805595 0.090391
vt 0.790826 0.092406
vt 0.874495 0.230923
vt 0.886952 0.239159
vt 0.854139 0.230927
vt 0.841682 0.239163
vt 0.861643 0.279150
vt 0.847339 0.274846
vt 0.866991 0.279146
vt 0.881295 0.274841
vt 0.924121 0.057065
vt 0.938986 0.056136
vt 0.804512 0.057069
vt 0.789647 0.056140
vt 0.792458 0.038396
vt 0.807441 0.038588
vt 0.921193 0.038583
vt 0.936175 0.038391
vt 0.926169 0.000000
vt 0.940874 0.001893
vt 0.787759 0.001898
vt 0.802465 0.000005
vt 0.233484 0.000008
vt 0.233484 0.014835
vt 0.226368 0.014835
vt 0.226368 0.000008
vt 1.000000 0.332008
vt 0.973381 0.332008
vt 0.973381 0.321788
vt 1.000000 0.321788
vt 0.973381 0.313922
vt 1.000000 0.313922
vt 0.973381 0.304105
vt 1.000000 0.304105
vt 0.973381 0.294818
vt 1.000000 0.294818
vt 1.000000 0.275969
vt 0.973381 0.275969
vt 0.973381 0.265751
vt 1.000000 0.265751
vt 0.973381 0.255586
vt 1.000000 0.255586
vt 1.000000 0.352051
vt 0.973381 0.352051
vt 1.000000 0.361107
vt 0.973381 0.361107
vt 0.973381 0.233513
vt 1.000000 0.233513
vt 1.000000 0.243602
vt 0.973381 0.243602
vt 0.973381 0.203476
vt 1.000000 0.203476
vt 0.973381 0.090014
vt 1.000000 0.090014
vt 0.973381 0.248368
vt 1.000000 0.248368
vt 0.973381 0.285449
vt 1.000000 0.285449
vt 0.973381 0.053729
vt 1.000000 0.053729
vt 0.974600 0.035805
vt 0.998781 0.035805
vt 0.983132 0.000008
vt 0.990249 0.000008
vt 0.746468 0.475274
vt 0.746468 0.488581
vt 0.719849 0.488581
vt 0.719849 0.475274
vt 0.746468 0.498693
vt 0.719849 0.498693
vt 0.746468 0.510106
vt 0.719849 0.510106
vt 0.746468 0.522290
vt 0.719849 0.522290
vt 0.746468 0.548592
vt 0.746468 0.562278
vt 0.719849 0.562278
vt 0.719849 0.548592
vt 0.746468 0.575113
vt 0.719849 0.575113
vt 0.746468 0.453592
vt 0.719849 0.453592
vt 0.719849 0.444204
vt 0.746468 0.444204
vt 0.719849 0.601991
vt 0.719849 0.593984
vt 0.746468 0.593984
vt 0.746468 0.601991
vt 0.746468 0.626422
vt 0.719849 0.626422
vt 0.719849 0.736889
vt 0.746468 0.736889
vt 0.719849 0.585373
vt 0.746468 0.585373
vt 0.746468 0.535239
vt 0.719849 0.535239
vt 0.719849 0.770229
vt 0.746468 0.770229
vt 0.745249 0.788901
vt 0.721068 0.788901
vt 0.736717 0.826857
vt 0.729600 0.826857
vt 0.833134 0.315171
vt 0.821244 0.321147
vt 0.815753 0.307311
vt 0.824885 0.302723
vt 0.907390 0.321142
vt 0.895500 0.315167
vt 0.903749 0.302718
vt 0.912881 0.307307
vt 0.840836 0.308621
vt 0.830877 0.297627
vt 0.887798 0.308616
vt 0.897757 0.297622
vt 0.849051 0.300697
vt 0.837942 0.290811
vt 0.879583 0.300692
vt 0.890692 0.290806
vt 0.856434 0.291005
vt 0.843570 0.283424
vt 0.872200 0.291000
vt 0.885064 0.283419
vt 0.862467 0.252380
vt 0.863910 0.265990
vt 0.848948 0.265504
vt 0.847871 0.255343
vt 0.864724 0.265985
vt 0.866167 0.252376
vt 0.880763 0.255338
vt 0.879686 0.265499
vt 0.858737 0.240100
vt 0.844916 0.245616
vt 0.869897 0.240095
vt 0.883718 0.245611
vt 0.800466 0.327344
vt 0.796546 0.313041
vt 0.928168 0.327340
vt 0.932088 0.313036
vt 0.940873 0.315234
vt 0.937275 0.329618
vt 0.791359 0.329623
vt 0.787761 0.315239
vt 0.880066 0.224358
vt 0.886718 0.219900
vt 0.898416 0.229908
vt 0.890036 0.235525
vt 0.841916 0.219904
vt 0.848567 0.224362
vt 0.838598 0.235530
vt 0.830217 0.229913
vt 0.831619 0.197749
vt 0.817558 0.202674
vt 0.897015 0.197745
vt 0.911076 0.202670
vt 0.923038 0.090387
vt 0.937808 0.092402
vt 0.805595 0.090391
vt 0.790826 0.092406
vt 0.874495 0.230923
vt 0.886952 0.239159
vt 0.854139 0.230927
vt 0.841682 0.239163
vt 0.861643 0.279150
vt 0.847339 0.274846
vt 0.866991 0.279146
vt 0.881295 0.274841
vt 0.924121 0.057065
vt 0.938986 0.056136
vt 0.804512 0.057069
vt 0.789647 0.056140
vt 0.792458 0.038396
vt 0.807441 0.038588
vt 0.921193 0.038583
vt 0.936175 0.038391
vt 0.926169 0.000000
vt 0.940874 0.001893
vt 0.787759 0.001898
vt 0.802465 0.000005
vt 0.233484 0.000008
vt 0.233484 0.014835
vt 0.226368 0.014835
vt 0.226368 0.000008
vt 1.000000 0.332008
vt 0.973381 0.332008
vt 0.973381 0.321788
vt 1.000000 0.321788
vt 0.973381 0.313922
vt 1.000000 0.313922
vt 0.973381 0.304105
vt 1.000000 0.304105
vt 0.973381 0.294818
vt 1.000000 0.294818
vt 1.000000 0.275969
vt 0.973381 0.275969
vt 0.973381 0.265751
vt 1.000000 0.265751
vt 0.973381 0.255586
vt 1.000000 0.255586
vt 1.000000 0.352051
vt 0.973381 0.352051
vt 1.000000 0.361107
vt 0.973381 0.361107
vt 0.973381 0.233513
vt 1.000000 0.233513
vt 1.000000 0.243602
vt 0.973381 0.243602
vt 0.973381 0.203476
vt 1.000000 0.203476
vt 0.973381 0.090014
vt 1.000000 0.090014
vt 0.973381 0.248368
vt 1.000000 0.248368
vt 0.973381 0.285449
vt 1.000000 0.285449
vt 0.973381 0.053729
vt 1.000000 0.053729
vt 0.974600 0.035805
vt 0.998781 0.035805
vt 0.983132 0.000008
vt 0.990249 0.000008
vt 0.746468 0.475274
vt 0.746468 0.488581
vt 0.719849 0.488581
vt 0.719849 0.475274
vt 0.746468 0.498693
vt 0.719849 0.498693
vt 0.746468 0.510106
vt 0.719849 0.510106
vt 0.746468 0.522290
vt 0.719849 0.522290
vt 0.746468 0.548592
vt 0.746468 0.562278
vt 0.719849 0.562278
vt 0.719849 0.548592
vt 0.746468 0.575113
vt 0.719849 0.575113
vt 0.746468 0.453592
vt 0.719849 0.453592
vt 0.719849 0.444204
vt 0.746468 0.444204
vt 0.719849 0.601991
vt 0.719849 0.593984
vt 0.746468 0.593984
vt 0.746468 0.601991
vt 0.746468 0.626422
vt 0.719849 0.626422
vt 0.719849 0.736889
vt 0.746468 0.736889
vt 0.719849 0.585373
vt 0.746468 0.585373
vt 0.746468 0.535239
vt 0.719849 0.535239
vt 0.719849 0.770229
vt 0.746468 0.770229
vt 0.745249 0.788901
vt 0.721068 0.788901
vt 0.736717 0.826857
vt 0.729600 0.826857
vt 0.833134 0.315171
vt 0.821244 0.321147
vt 0.815753 0.307311
vt 0.824885 0.302723
vt 0.907390 0.321142
vt 0.895500 0.315167
vt 0.903749 0.302718
vt 0.912881 0.307307
vt 0.840836 0.308621
vt 0.830877 0.297627
vt 0.887798 0.308616
vt 0.897757 0.297622
vt 0.849051 0.300697
vt 0.837942 0.290811
vt 0.879583 0.300692
vt 0.890692 0.290806
vt 0.856434 0.291005
vt 0.843570 0.283424
vt 0.872200 0.291000
vt 0.885064 0.283419
vt 0.862467 0.252380
vt 0.863910 0.265990
vt 0.848948 0.265504
vt 0.847871 0.255343
vt 0.864724 0.265985
vt 0.866167 0.252376
vt 0.880763 0.255338
vt 0.879686 0.265499
vt 0.858737 0.240100
vt 0.844916 0.245616
vt 0.869897 0.240095
vt 0.883718 0.245611
vt 0.800466 0.327344
vt 0.796546 0.313041
vt 0.928168 0.327340
vt 0.932088 0.313036
vt 0.940873 0.315234
vt 0.937275 0.329618
vt 0.791359 0.329623
vt 0.787761 0.315239
vt 0.880066 0.224358
vt 0.886718 0.219900
vt 0.898416 0.229908
vt 0.890036 0.235525
vt 0.841916 0.219904
vt 0.848567 0.224362
vt 0.838598 0.235530
vt 0.830217 0.229913
vt 0.831619 0.197749
vt 0.817558 0.202674
vt 0.897015 0.197745
vt 0.911076 0.202670
vt 0.923038 0.090387
vt 0.937808 0.092402
vt 0.805595 0.090391
vt 0.790826 0.092406
vt 0.874495 0.230923
vt 0.886952 0.239159
vt 0.854139 0.230927
vt 0.841682 0.239163
vt 0.861643 0.279150
vt 0.847339 0.274846
vt 0.866991 0.279146
vt 0.881295 0.274841
vt 0.924121 0.057065
vt 0.938986 0.056136
vt 0.804512 0.057069
vt 0.789647 0.056140
vt 0.792458 0.038396
vt 0.807441 0.038588
vt 0.921193 0.038583
vt 0.936175 0.038391
vt 0.926169 0.000000
vt 0.940874 0.001893
vt 0.787759 0.001898
vt 0.802465 0.000005
vt 0.233484 0.000008
vt 0.233484 0.014835
vt 0.226368 0.014835
vt 0.226368 0.000008
vt 0.165591 0.272754
vt 0.151624 0.272752
vt 0.151636 0.192939
vt 0.165603 0.192942
vt 0.190834 0.272760
vt 0.176868 0.272756
vt 0.176891 0.192944
vt 0.190858 0.192948
vt 0.140348 0.272751
vt 0.140348 0.192939
vt 1.000000 0.332008
vt 0.973381 0.332008
vt 0.973381 0.321788
vt 1.000000 0.321788
vt 0.973381 0.313922
vt 1.000000 0.313922
vt 0.973381 0.304105
vt 1.000000 0.304105
vt 0.973381 0.294818
vt 1.000000 0.294818
vt 1.000000 0.275969
vt 0.973381 0.275969
vt 0.973381 0.265751
vt 1.000000 0.265751
vt 0.973381 0.255586
vt 1.000000 0.255586
vt 1.000000 0.352051
vt 0.973381 0.352051
vt 1.000000 0.361107
vt 0.973381 0.361107
vt 0.973381 0.233513
vt 1.000000 0.233513
vt 1.000000 0.243602
vt 0.973381 0.243602
vt 0.973381 0.203476
vt 1.000000 0.203476
vt 0.973381 0.090014
vt 1.000000 0.090014
vt 0.973381 0.248368
vt 1.000000 0.248368
vt 0.973381 0.285449
vt 1.000000 0.285449
vt 0.973381 0.053729
vt 1.000000 0.053729
vt 0.974600 0.035805
vt 0.998781 0.035805
vt 0.983132 0.000008
vt 0.990249 0.000008
vt 0.746468 0.475274
vt 0.746468 0.488581
vt 0.719849 0.488581
vt 0.719849 0.475274
vt 0.746468 0.498693
vt 0.719849 0.498693
vt 0.746468 0.510106
vt 0.719849 0.510106
vt 0.746468 0.522290
vt 0.719849 0.522290
vt 0.746468 0.548592
vt 0.746468 0.562278
vt 0.719849 0.562278
vt 0.719849 0.548592
vt 0.746468 0.575113
vt 0.719849 0.575113
vt 0.746468 0.453592
vt 0.719849 0.453592
vt 0.719849 0.444204
vt 0.746468 0.444204
vt 0.719849 0.601991
vt 0.719849 0.593984
vt 0.746468 0.593984
vt 0.746468 0.601991
vt 0.746468 0.626422
vt 0.719849 0.626422
vt 0.719849 0.736889
vt 0.746468 0.736889
vt 0.719849 0.585373
vt 0.746468 0.585373
vt 0.746468 0.535239
vt 0.719849 0.535239
vt 0.719849 0.770229
vt 0.746468 0.770229
vt 0.745249 0.788901
vt 0.721068 0.788901
vt 0.736717 0.826857
vt 0.729600 0.826857
vt 0.833134 0.315171
vt 0.821244 0.321147
vt 0.815753 0.307311
vt 0.824885 0.302723
vt 0.907390 0.321142
vt 0.895500 0.315167
vt 0.903749 0.302718
vt 0.912881 0.307307
vt 0.840836 0.308621
vt 0.830877 0.297627
vt 0.887798 0.308616
vt 0.897757 0.297622
vt 0.849051 0.300697
vt 0.837942 0.290811
vt 0.879583 0.300692
vt 0.890692 0.290806
vt 0.856434 0.291005
vt 0.843570 0.283424
vt 0.872200 0.291000
vt 0.885064 0.283419
vt 0.862467 0.252380
vt 0.863910 0.265990
vt 0.848948 0.265504
vt 0.847871 0.255343
vt 0.864724 0.265985
vt 0.866167 0.252376
vt 0.880763 0.255338
vt 0.879686 0.265499
vt 0.858737 0.240100
vt 0.844916 0.245616
vt 0.869897 0.240095
vt 0.883718 0.245611
vt 0.800466 0.327344
vt 0.796546 0.313041
vt 0.928168 0.327340
vt 0.932088 0.313036
vt 0.940873 0.315234
vt 0.937275 0.329618
vt 0.791359 0.329623
vt 0.787761 0.315239
vt 0.880066 0.224358
vt 0.886718 0.219900
vt 0.898416 0.229908
vt 0.890036 0.235525
vt 0.841916 0.219904
vt 0.848567 0.224362
vt 0.838598 0.235530
vt 0.830217 0.229913
vt 0.831619 0.197749
vt 0.817558 0.202674
vt 0.897015 0.197745
vt 0.911076 0.202670
vt 0.923038 0.090387
vt 0.937808 0.092402
vt 0.805595 0.090391
vt 0.790826 0.092406
vt 0.874495 0.230923
vt 0.886952 0.239159
vt 0.854139 0.230927
vt 0.841682 0.239163
vt 0.861643 0.279150
vt 0.847339 0.274846
vt 0.866991 0.279146
vt 0.881295 0.274841
vt 0.924121 0.057065
vt 0.938986 0.056136
vt 0.804512 0.057069
vt 0.789647 0.056140
vt 0.792458 0.038396
vt 0.807441 0.038588
vt 0.921193 0.038583
vt 0.936175 0.038391
vt 0.926169 0.000000
vt 0.940874 0.001893
vt 0.787759 0.001898
vt 0.802465 0.000005
vt 0.233484 0.000008
vt 0.233484 0.014835
vt 0.226368 0.014835
vt 0.226368 0.000008
vt 0.552029 0.353751
vt 0.307860 0.353751
vt 0.307860 0.109582
vt 0.552029 0.109582
vt 0.786656 0.244178
vt 0.786656 0.488347
vt 0.760595 0.488347
vt 0.760595 0.244178
vt 0.760595 0.732516
vt 0.786656 0.732516
vt 0.786656 0.976685
vt 0.760595 0.976685
vt 0.760595 0.000008
vt 0.786656 0.000008
vt 0.556864 0.083847
vt 0.556864 0.028063
vt 0.623214 0.028063
vt 0.623214 0.083847
vt 0.556864 0.000008
vt 0.623214 0.000008
vt 0.623214 0.317186
vt 0.556864 0.317186
vt 0.556864 0.348105
vt 0.623214 0.348105
vt 0.556864 0.380565
vt 0.623214 0.380565
vt 0.623214 0.444208
vt 0.556864 0.444208
vt 0.624775 0.081107
vt 0.624775 0.025257
vt 0.691125 0.025257
vt 0.691125 0.081107
vt 0.691125 0.000008
vt 0.624775 0.000008
vt 0.691125 0.313148
vt 0.624775 0.313148
vt 0.691125 0.344037
vt 0.624774 0.344037
vt 0.624774 0.376463
vt 0.691125 0.376463
vt 0.691125 0.444204
vt 0.624774 0.444204
vt 0.787759 0.420653
vt 0.800304 0.418800
vt 0.820487 0.470876
vt 0.807919 0.472668
vt 0.922542 0.774414
vt 0.909998 0.772561
vt 0.930158 0.720547
vt 0.942726 0.722339
vt 0.802232 0.393625
vt 0.789902 0.392681
vt 0.924470 0.799590
vt 0.912140 0.800534
vt 0.800439 0.702049
vt 0.787759 0.705134
vt 0.909999 0.488081
vt 0.922679 0.491166
vt 0.803930 0.732741
vt 0.791268 0.735854
vt 0.913508 0.457361
vt 0.926170 0.460474
vt 0.805342 0.765103
vt 0.817985 0.761961
vt 0.812812 0.829505
vt 0.800482 0.828560
vt 0.212786 0.000008
vt 0.225152 0.000008
vt 0.225152 0.066358
vt 0.212786 0.066358
vt 0.940225 0.431254
vt 0.927582 0.428111
vt 0.922722 0.364654
vt 0.935053 0.363710
vt 0.893826 0.694550
vt 0.906507 0.697634
vt 0.902997 0.728355
vt 0.890336 0.725241
vt 0.892035 0.386126
vt 0.904365 0.385182
vt 0.906507 0.413154
vt 0.893963 0.411301
vt 0.961873 0.749914
vt 0.974417 0.748061
vt 0.972275 0.776033
vt 0.959944 0.775088
vt 0.970909 0.432860
vt 0.974418 0.463580
vt 0.961738 0.466664
vt 0.958247 0.435973
vt 0.873779 0.463377
vt 0.886347 0.465169
vt 0.954257 0.696046
vt 0.941689 0.697838
vt 0.944192 0.406753
vt 0.956835 0.403610
vt 0.888924 0.757604
vt 0.876280 0.754462
vt 0.242730 0.420919
vt 0.236982 0.448378
vt 0.172039 0.434785
vt 0.177787 0.407326
vt 0.189215 0.352724
vt 0.254158 0.366317
vt 0.237019 0.124336
vt 0.301962 0.137929
vt 0.308297 0.107664
vt 0.243354 0.094071
vt 0.250004 0.062300
vt 0.314946 0.075893
vt 0.501339 0.074835
vt 0.493481 0.065286
vt 0.544716 0.023127
vt 0.552573 0.032676
vt 0.692685 0.067750
vt 0.759035 0.067750
vt 0.759035 0.100175
vt 0.692685 0.100175
vt 0.692685 0.131064
vt 0.759035 0.131064
vt 0.759035 0.363105
vt 0.692685 0.363105
vt 0.759035 0.418955
vt 0.692685 0.418955
vt 0.759035 0.444204
vt 0.692685 0.444204
vt 0.263042 0.000007
vt 0.327985 0.013600
vt 0.949365 0.339209
vt 0.961696 0.340153
vt 0.692685 0.000008
vt 0.759035 0.000008
vt 0.893783 0.821061
vt 0.881453 0.822006
vt 0.606141 0.489594
vt 0.604459 0.483221
vt 0.612439 0.479777
vt 0.614097 0.487061
vt 0.602777 0.476848
vt 0.610398 0.472672
vt 0.618403 0.468661
vt 0.620476 0.476646
vt 0.622190 0.484598
vt 0.600194 0.471690
vt 0.607837 0.465837
vt 0.597610 0.466531
vt 0.605016 0.459138
vt 0.612421 0.451745
vt 0.615844 0.460660
vt 0.601345 0.594036
vt 0.604038 0.589440
vt 0.610976 0.595367
vt 0.607792 0.601349
vt 0.606731 0.584844
vt 0.613794 0.589161
vt 0.621403 0.593377
vt 0.618359 0.600745
vt 0.614240 0.608662
vt 0.608198 0.578860
vt 0.615880 0.582509
vt 0.609666 0.572875
vt 0.617392 0.575551
vt 0.625368 0.578108
vt 0.623687 0.585803
vt 0.610414 0.566271
vt 0.618489 0.568431
vt 0.611162 0.559668
vt 0.619236 0.561193
vt 0.627458 0.562627
vt 0.626603 0.570378
vt 0.611413 0.552760
vt 0.619698 0.553881
vt 0.611663 0.545852
vt 0.619903 0.546513
vt 0.628257 0.547105
vt 0.628000 0.554869
vt 0.611506 0.538792
vt 0.619877 0.539108
vt 0.611348 0.531732
vt 0.619635 0.531674
vt 0.628022 0.531562
vt 0.628259 0.539337
vt 0.610824 0.524617
vt 0.619189 0.524223
vt 0.610300 0.517503
vt 0.618549 0.516763
vt 0.626887 0.515990
vt 0.627561 0.523781
vt 0.609435 0.510429
vt 0.617721 0.509303
vt 0.608570 0.503356
vt 0.616708 0.501854
vt 0.624937 0.500356
vt 0.626011 0.508184
vt 0.607355 0.496475
vt 0.615510 0.494430
vt 0.623670 0.492498
vt 0.628628 0.474142
vt 0.630325 0.482527
vt 0.626722 0.465590
vt 0.635261 0.463538
vt 0.636890 0.472324
vt 0.638516 0.480911
vt 0.624577 0.456833
vt 0.622312 0.447974
vt 0.632202 0.444202
vt 0.633729 0.454487
vt 0.626632 0.605026
vt 0.623466 0.613368
vt 0.629494 0.596696
vt 0.637945 0.599026
vt 0.635549 0.607976
vt 0.632692 0.618074
vt 0.631746 0.588387
vt 0.633481 0.580116
vt 0.641699 0.581597
vt 0.639999 0.590246
vt 0.634793 0.571900
vt 0.635729 0.563729
vt 0.644020 0.564551
vt 0.643034 0.573039
vt 0.636335 0.555593
vt 0.636637 0.547483
vt 0.645014 0.547714
vt 0.644674 0.556113
vt 0.636663 0.539393
vt 0.636428 0.531315
vt 0.644826 0.531006
vt 0.645060 0.539347
vt 0.635948 0.523243
vt 0.635237 0.515169
vt 0.643584 0.514375
vt 0.644329 0.522685
vt 0.634307 0.507081
vt 0.633171 0.498961
vt 0.641417 0.497738
vt 0.642606 0.506066
vt 0.631841 0.490789
vt 0.640039 0.489368
vt 0.645257 0.471255
vt 0.646780 0.479810
vt 0.643924 0.462583
vt 0.651650 0.462397
vt 0.652738 0.470757
vt 0.654162 0.479146
vt 0.642995 0.453749
vt 0.642269 0.444832
vt 0.652335 0.445462
vt 0.651191 0.454063
vt 0.644862 0.609359
vt 0.643077 0.618526
vt 0.646636 0.600277
vt 0.654457 0.600753
vt 0.653262 0.609604
vt 0.653462 0.618978
vt 0.648389 0.591368
vt 0.649987 0.582574
vt 0.657388 0.583173
vt 0.655910 0.591954
vt 0.651300 0.573838
vt 0.652307 0.565148
vt 0.659663 0.565573
vt 0.658655 0.574377
vt 0.652990 0.556491
vt 0.653359 0.547865
vt 0.660749 0.547978
vt 0.660361 0.556770
vt 0.653421 0.539271
vt 0.653191 0.530709
vt 0.660598 0.530476
vt 0.660824 0.539210
vt 0.652683 0.522180
vt 0.651914 0.513682
vt 0.659302 0.513146
vt 0.660084 0.521786
vt 0.650903 0.505211
vt 0.649681 0.496755
vt 0.657033 0.496038
vt 0.658271 0.504563
vt 0.648281 0.488299
vt 0.655629 0.487569
vt 0.658343 0.470654
vt 0.659705 0.478840
vt 0.657379 0.462651
vt 0.661740 0.462907
vt 0.663010 0.470748
vt 0.664281 0.478590
vt 0.657133 0.454876
vt 0.657246 0.447214
vt 0.662157 0.448966
vt 0.661948 0.455937
vt 0.659441 0.609141
vt 0.658780 0.617442
vt 0.660302 0.600757
vt 0.664923 0.600742
vt 0.664511 0.608324
vt 0.664099 0.615905
vt 0.661561 0.592206
vt 0.662942 0.583521
vt 0.667629 0.583842
vt 0.666276 0.592292
vt 0.664166 0.574735
vt 0.665164 0.565881
vt 0.669879 0.566164
vt 0.668754 0.575003
vt 0.665866 0.556992
vt 0.666262 0.548093
vt 0.670993 0.548208
vt 0.670436 0.557186
vt 0.666344 0.539209
vt 0.666122 0.530358
vt 0.670852 0.530271
vt 0.670923 0.539239
vt 0.665607 0.521558
vt 0.664820 0.512823
vt 0.669528 0.512556
vt 0.670190 0.521413
vt 0.663783 0.504170
vt 0.662542 0.495612
vt 0.667205 0.495253
vt 0.668366 0.503904
vt 0.661144 0.487164
vt 0.665743 0.486921
vt 0.106343 0.033222
vt 0.101462 0.031636
vt 0.103089 0.026628
vt 0.106343 0.025773
vt 0.096581 0.030050
vt 0.100959 0.024023
vt 0.106343 0.016613
vt 0.116106 0.030050
vt 0.111225 0.031636
vt 0.109598 0.026628
vt 0.111727 0.024023
vt 0.122140 0.021745
vt 0.119123 0.025898
vt 0.114863 0.022803
vt 0.115055 0.019443
vt 0.122140 0.011480
vt 0.122140 0.016613
vt 0.116874 0.016613
vt 0.115055 0.013782
vt 0.116106 0.003176
vt 0.119123 0.007328
vt 0.114863 0.010423
vt 0.111727 0.009202
vt 0.106343 0.000004
vt 0.111224 0.001590
vt 0.109597 0.006597
vt 0.106343 0.007453
vt 0.096581 0.003176
vt 0.101462 0.001590
vt 0.103089 0.006597
vt 0.100959 0.009202
vt 0.090547 0.011480
vt 0.093564 0.007328
vt 0.097824 0.010423
vt 0.097632 0.013782
vt 0.090547 0.021745
vt 0.090547 0.016613
vt 0.095812 0.016613
vt 0.097632 0.019443
vt 0.093564 0.025898
vt 0.097824 0.022803
vt 0.448208 0.070577
vt 0.448208 0.063918
vt 0.455798 0.063918
vt 0.455798 0.068110
vt 0.448208 0.057259
vt 0.455798 0.059726
vt 0.456035 0.081350
vt 0.452122 0.075964
vt 0.458262 0.071502
vt 0.460726 0.074894
vt 0.468701 0.085466
vt 0.462368 0.083408
vt 0.464714 0.076189
vt 0.468701 0.077485
vt 0.481366 0.081350
vt 0.475033 0.083408
vt 0.472688 0.076189
vt 0.476675 0.074894
vt 0.489194 0.070577
vt 0.485280 0.075964
vt 0.479139 0.071502
vt 0.481603 0.068110
vt 0.489194 0.057259
vt 0.489194 0.063918
vt 0.481603 0.063918
vt 0.481603 0.059726
vt 0.481366 0.046486
vt 0.485280 0.051873
vt 0.479139 0.056334
vt 0.476675 0.052942
vt 0.468701 0.042370
vt 0.475033 0.044428
vt 0.472688 0.051647
vt 0.468701 0.050351
vt 0.464714 0.051647
vt 0.462368 0.044428
vt 0.452122 0.051873
vt 0.458262 0.056334
vt 0.456035 0.046486
vt 0.460726 0.052942
vt 0.071328 0.480624
vt 0.080221 0.479870
vt 0.086700 0.551938
vt 0.077092 0.552801
vt 0.089107 0.479026
vt 0.096308 0.551074
vt 0.053521 0.481868
vt 0.062428 0.481291
vt 0.067469 0.553473
vt 0.057846 0.554145
vt 0.035692 0.482757
vt 0.044609 0.482357
vt 0.048211 0.554626
vt 0.038577 0.555106
vt 0.017850 0.483290
vt 0.026772 0.483068
vt 0.028935 0.555394
vt 0.019292 0.555682
vt 0.000000 0.550352
vt 0.008926 0.483423
vt 0.009646 0.555779
vt 0.000000 0.555875
vt 0.159798 0.469103
vt 0.168573 0.467468
vt 0.182186 0.538534
vt 0.172712 0.540349
vt 0.190567 0.531306
vt 0.191660 0.536719
vt 0.142203 0.472112
vt 0.151008 0.470651
vt 0.163203 0.541975
vt 0.153695 0.543601
vt 0.124551 0.474769
vt 0.133384 0.473484
vt 0.144155 0.545037
vt 0.134616 0.546473
vt 0.125051 0.547718
vt 0.115485 0.548964
vt 0.106850 0.477074
vt 0.115707 0.475966
vt 0.097983 0.478094
vt 0.105896 0.550019
vt 0.871851 0.042942
vt 0.864957 0.000003
vt 0.876221 0.003663
vt 0.887486 0.007323
vt 0.894447 0.016905
vt 0.901409 0.026487
vt 0.828505 0.026487
vt 0.835467 0.016905
vt 0.842428 0.007323
vt 0.853693 0.003663
vt 0.842429 0.069339
vt 0.835467 0.059757
vt 0.828505 0.050175
vt 0.828505 0.038331
vt 0.941689 0.173578
vt 0.941689 0.159114
vt 0.962129 0.159114
vt 0.962129 0.173578
vt 0.941689 0.144650
vt 0.962129 0.144650
vt 0.941689 0.130186
vt 0.962129 0.130186
vt 0.941689 0.115722
vt 0.962129 0.115722
vt 0.941689 0.231435
vt 0.941689 0.216970
vt 0.962129 0.216970
vt 0.962129 0.231435
vt 0.941689 0.202506
vt 0.962129 0.202506
vt 0.941689 0.188042
vt 0.962129 0.188042
vt 0.941689 0.289291
vt 0.941689 0.274827
vt 0.962129 0.274827
vt 0.962129 0.289291
vt 0.941689 0.260363
vt 0.962129 0.260363
vt 0.941689 0.245899
vt 0.962129 0.245899
vt 0.941689 0.057865
vt 0.941689 0.043401
vt 0.962129 0.043401
vt 0.962129 0.057865
vt 0.941689 0.028936
vt 0.962129 0.028936
vt 0.941689 0.014472
vt 0.962129 0.014472
vt 0.941689 0.000008
vt 0.962129 0.000008
vt 0.941689 0.086793
vt 0.941689 0.072329
vt 0.962129 0.072329
vt 0.962129 0.086793
vt 0.440398 0.430032
vt 0.440398 0.439679
vt 0.425571 0.439679
vt 0.425571 0.425214
vt 0.440398 0.449325
vt 0.425571 0.454143
vt 0.446068 0.457129
vt 0.434073 0.465845
vt 0.451738 0.464934
vt 0.442574 0.477546
vt 0.470087 0.408462
vt 0.460913 0.411443
vt 0.456331 0.397341
vt 0.470087 0.392872
vt 0.451738 0.414424
vt 0.442575 0.401811
vt 0.446068 0.422228
vt 0.434073 0.413513
vt 0.499776 0.430032
vt 0.494106 0.422228
vt 0.506101 0.413513
vt 0.514603 0.425215
vt 0.488436 0.414424
vt 0.497600 0.401811
vt 0.479261 0.411443
vt 0.483843 0.397342
vt 0.488436 0.464934
vt 0.494106 0.457130
vt 0.506101 0.465845
vt 0.497599 0.477547
vt 0.499776 0.449325
vt 0.514603 0.454143
vt 0.499776 0.439679
vt 0.514603 0.439679
vt 0.499776 0.430032
vt 0.514603 0.425215
vt 0.470087 0.470896
vt 0.479261 0.467915
vt 0.483843 0.482016
vt 0.470087 0.486486
vt 0.382944 0.046168
vt 0.371907 0.047847
vt 0.370228 0.031344
vt 0.381731 0.031024
vt 0.393981 0.044490
vt 0.393234 0.030703
vt 0.210628 0.077180
vt 0.210628 0.086827
vt 0.198201 0.086827
vt 0.198201 0.077180
vt 0.210628 0.096473
vt 0.198201 0.096473
vt 0.210628 0.106120
vt 0.198201 0.106120
vt 0.210628 0.115766
vt 0.198201 0.115766
vt 0.210628 0.038594
vt 0.210628 0.048241
vt 0.198201 0.048241
vt 0.198201 0.038594
vt 0.210628 0.057887
vt 0.198201 0.057887
vt 0.210628 0.067534
vt 0.198201 0.067534
vt 0.210628 0.000008
vt 0.210628 0.009655
vt 0.198201 0.009655
vt 0.208505 0.000008
vt 0.210628 0.019301
vt 0.198201 0.019301
vt 0.210628 0.028948
vt 0.198201 0.028948
vt 0.210628 0.154352
vt 0.210628 0.163999
vt 0.198201 0.163999
vt 0.198201 0.154352
vt 0.210628 0.173646
vt 0.198201 0.173646
vt 0.210628 0.183292
vt 0.198201 0.183292
vt 0.210628 0.192939
vt 0.208505 0.192939
vt 0.198201 0.135059
vt 0.198201 0.125413
vt 0.210628 0.125413
vt 0.210628 0.135059
vt 0.210628 0.144706
vt 0.198201 0.144706
vt 0.407365 0.677673
vt 0.396888 0.672554
vt 0.407189 0.653267
vt 0.418577 0.658961
vt 0.386412 0.667434
vt 0.395801 0.647573
vt 0.375470 0.663541
vt 0.383895 0.642476
vt 0.364528 0.659648
vt 0.371988 0.637379
vt 0.446342 0.703549
vt 0.436847 0.696677
vt 0.450215 0.679550
vt 0.460327 0.686941
vt 0.427351 0.689806
vt 0.440103 0.672159
vt 0.417358 0.683740
vt 0.429340 0.665560
vt 0.483354 0.732138
vt 0.473888 0.725309
vt 0.489402 0.712401
vt 0.499223 0.721785
vt 0.464422 0.718479
vt 0.479580 0.703017
vt 0.455382 0.711014
vt 0.469954 0.694979
vt 0.319378 0.648790
vt 0.308311 0.649228
vt 0.306861 0.626615
vt 0.321468 0.626584
vt 0.297243 0.649666
vt 0.292254 0.626647
vt 0.288327 0.653854
vt 0.277420 0.634746
vt 0.279411 0.658042
vt 0.262586 0.642846
vt 0.359484 0.634838
vt 0.353454 0.655747
vt 0.342380 0.651846
vt 0.346980 0.632297
vt 0.330879 0.650318
vt 0.334224 0.629440
vt 0.084925 0.669139
vt 0.076777 0.657925
vt 0.081568 0.651331
vt 0.091196 0.664583
vt 0.634661 0.653848
vt 0.623463 0.650474
vt 0.623278 0.636844
vt 0.638254 0.641824
vt 0.645859 0.657223
vt 0.653229 0.646805
vt 0.362188 0.863441
vt 0.362188 0.847061
vt 0.380671 0.847061
vt 0.380671 0.863441
vt 0.362188 0.830681
vt 0.380671 0.830681
vt 0.362188 0.814301
vt 0.380671 0.814301
vt 0.362188 0.797921
vt 0.380671 0.797921
vt 0.362188 0.928960
vt 0.362188 0.912580
vt 0.380671 0.912580
vt 0.380671 0.928960
vt 0.362188 0.896200
vt 0.380671 0.896200
vt 0.362188 0.879821
vt 0.380671 0.879821
vt 0.362188 0.994480
vt 0.362188 0.978100
vt 0.380671 0.978100
vt 0.380671 0.994479
vt 0.362188 0.961720
vt 0.380671 0.961720
vt 0.362188 0.945340
vt 0.380671 0.945340
vt 0.362188 0.732402
vt 0.362188 0.716022
vt 0.380671 0.716022
vt 0.380671 0.732402
vt 0.362188 0.699642
vt 0.380671 0.699642
vt 0.362188 0.683262
vt 0.380671 0.683262
vt 0.362188 0.666882
vt 0.380671 0.666882
vt 0.362188 0.765161
vt 0.362188 0.748782
vt 0.380671 0.748782
vt 0.380671 0.765161
vt 0.996391 0.459387
vt 0.996391 0.475767
vt 0.977908 0.475767
vt 0.977908 0.459387
vt 0.996391 0.492147
vt 0.977908 0.492147
vt 0.996391 0.524906
vt 0.996391 0.541286
vt 0.977908 0.541286
vt 0.977908 0.524906
vt 0.996391 0.557666
vt 0.977908 0.557666
vt 0.996391 0.574046
vt 0.977908 0.574046
vt 0.996391 0.590426
vt 0.977908 0.590426
vt 0.996391 0.606806
vt 0.977908 0.606806
vt 0.996391 0.623185
vt 0.977908 0.623186
vt 0.996391 0.639565
vt 0.977908 0.639565
vt 0.996391 0.655945
vt 0.977908 0.655945
vt 0.996391 0.672325
vt 0.977908 0.672325
vt 0.996391 0.688705
vt 0.977908 0.688705
vt 0.996390 0.361107
vt 0.996390 0.377487
vt 0.977908 0.377487
vt 0.977908 0.361107
vt 0.996390 0.393867
vt 0.977908 0.393867
vt 0.996390 0.410247
vt 0.977908 0.410247
vt 0.996390 0.426627
vt 0.977908 0.426627
vt 0.996390 0.443007
vt 0.977908 0.443007
vt 0.333478 0.465167
vt 0.317899 0.460105
vt 0.328590 0.427202
vt 0.354860 0.435737
vt 0.302321 0.455044
vt 0.302321 0.418667
vt 0.286743 0.460105
vt 0.276052 0.427202
vt 0.271165 0.465167
vt 0.249782 0.435737
vt 0.496103 0.362281
vt 0.522372 0.370816
vt 0.500990 0.400246
vt 0.485412 0.395184
vt 0.251910 0.491670
vt 0.251909 0.508050
vt 0.217313 0.508050
vt 0.217313 0.480430
vt 0.251909 0.524430
vt 0.217313 0.535671
vt 0.261537 0.537682
vt 0.233548 0.558017
vt 0.271165 0.550933
vt 0.249783 0.580363
vt 0.286743 0.555995
vt 0.276052 0.588898
vt 0.302321 0.561056
vt 0.302322 0.597433
vt 0.317900 0.555995
vt 0.328591 0.588898
vt 0.333478 0.550933
vt 0.354860 0.580363
vt 0.343106 0.537682
vt 0.371095 0.558017
vt 0.352733 0.524430
vt 0.387330 0.535671
vt 0.352733 0.524430
vt 0.352733 0.508050
vt 0.387330 0.508050
vt 0.387330 0.535671
vt 0.352733 0.491670
vt 0.387330 0.480429
vt 0.343105 0.478418
vt 0.371095 0.458083
vt 0.206712 0.586953
vt 0.191133 0.581892
vt 0.201824 0.548988
vt 0.228094 0.557523
vt 0.175555 0.576830
vt 0.175555 0.540453
vt 0.159977 0.581892
vt 0.149286 0.548989
vt 0.144399 0.586953
vt 0.123016 0.557524
vt 0.536849 0.529280
vt 0.563119 0.537815
vt 0.541736 0.567245
vt 0.526158 0.562183
vt 0.125144 0.613457
vt 0.125144 0.629837
vt 0.090547 0.629837
vt 0.090547 0.602216
vt 0.125144 0.646217
vt 0.090547 0.657458
vt 0.134771 0.659468
vt 0.106782 0.679804
vt 0.144399 0.672720
vt 0.123017 0.702150
vt 0.159977 0.677781
vt 0.149286 0.710685
vt 0.175556 0.682843
vt 0.175556 0.719220
vt 0.191134 0.677781
vt 0.201825 0.710685
vt 0.206712 0.672720
vt 0.228094 0.702150
vt 0.216340 0.659468
vt 0.244329 0.679803
vt 0.225967 0.646217
vt 0.260564 0.657457
vt 0.225967 0.646217
vt 0.225967 0.629837
vt 0.260564 0.629836
vt 0.260564 0.657457
vt 0.225967 0.613457
vt 0.260564 0.602216
vt 0.216339 0.600205
vt 0.244329 0.579869
vt 0.674575 0.527067
vt 0.674575 0.499446
vt 0.694476 0.499446
vt 0.694476 0.527067
vt 0.674575 0.554688
vt 0.694476 0.554688
vt 0.674575 0.471825
vt 0.694476 0.471825
vt 0.674575 0.444204
vt 0.694476 0.444204
vt 0.674576 0.996624
vt 0.674575 0.969003
vt 0.694476 0.969003
vt 0.694476 0.996624
vt 0.674575 0.941382
vt 0.694476 0.941382
vt 0.674575 0.913761
vt 0.694476 0.913761
vt 0.674575 0.886140
vt 0.694476 0.886140
vt 0.674575 0.858519
vt 0.694476 0.858519
vt 0.674575 0.830898
vt 0.694476 0.830898
vt 0.674575 0.803277
vt 0.694476 0.803277
vt 0.674575 0.775656
vt 0.694476 0.775656
vt 0.674575 0.748035
vt 0.694476 0.748035
vt 0.674575 0.720414
vt 0.694476 0.720414
vt 0.674575 0.692793
vt 0.694476 0.692793
vt 0.674575 0.665172
vt 0.694476 0.665172
vt 0.674575 0.637551
vt 0.694476 0.637551
vt 0.674575 0.609930
vt 0.694476 0.609930
vt 0.674575 0.582309
vt 0.694476 0.582309
vt 0.697212 0.527067
vt 0.697212 0.499446
vt 0.717113 0.499446
vt 0.717113 0.527067
vt 0.697212 0.554688
vt 0.717113 0.554688
vt 0.717113 0.471825
vt 0.697212 0.471825
vt 0.697212 0.444204
vt 0.717113 0.444204
vt 0.717113 0.969003
vt 0.697212 0.969003
vt 0.697212 0.941382
vt 0.717113 0.941382
vt 0.717113 0.913761
vt 0.697212 0.913761
vt 0.697212 0.886140
vt 0.717113 0.886140
vt 0.717113 0.858519
vt 0.697212 0.858519
vt 0.697212 0.830898
vt 0.717113 0.830898
vt 0.717113 0.803277
vt 0.697212 0.803277
vt 0.697212 0.775656
vt 0.717113 0.775656
vt 0.717113 0.748035
vt 0.697212 0.748035
vt 0.697212 0.720414
vt 0.717113 0.720414
vt 0.717113 0.692793
vt 0.697212 0.692793
vt 0.697212 0.665172
vt 0.717113 0.665172
vt 0.697212 0.637551
vt 0.717113 0.637551
vt 0.697212 0.609930
vt 0.717113 0.609930
vt 0.717113 0.582309
vt 0.697212 0.582309
vt 0.901409 0.038331
vt 0.901409 0.050175
vt 0.894448 0.059757
vt 0.887486 0.069339
vt 0.876222 0.072999
vt 0.864957 0.076659
vt 0.853693 0.072999
vt 0.833033 0.633947
vt 0.833033 0.617567
vt 0.869998 0.617567
vt 0.869998 0.633947
vt 0.833033 0.601188
vt 0.869998 0.601188
vt 0.833033 0.584808
vt 0.869998 0.584808
vt 0.833033 0.568428
vt 0.869998 0.568428
vt 0.833033 0.552048
vt 0.869998 0.552048
vt 0.833033 0.535668
vt 0.869998 0.535668
vt 0.833033 0.519288
vt 0.869998 0.519288
vt 0.833033 0.502908
vt 0.869998 0.502908
vt 0.833033 0.486529
vt 0.869998 0.486529
vt 0.833033 0.470149
vt 0.869998 0.470149
vt 0.833033 0.453769
vt 0.869998 0.453769
vt 0.833033 0.437389
vt 0.869998 0.437389
vt 0.833033 0.421009
vt 0.869998 0.421009
vt 0.833033 0.748607
vt 0.833033 0.732227
vt 0.869998 0.732227
vt 0.869998 0.748607
vt 0.833033 0.715847
vt 0.869998 0.715847
vt 0.833033 0.699467
vt 0.869998 0.699467
vt 0.833033 0.683087
vt 0.869998 0.683087
vt 0.833033 0.666707
vt 0.869998 0.666707
vt 0.833033 0.650327
vt 0.869998 0.650327
vt 0.662674 0.659285
vt 0.652806 0.666704
vt 0.672119 0.671765
vt 0.659754 0.676185
vt 0.672352 0.687533
vt 0.659845 0.687899
vt 0.672584 0.703301
vt 0.659937 0.699613
vt 0.663472 0.716188
vt 0.653123 0.709129
vt 0.654361 0.729075
vt 0.646310 0.718645
vt 0.639455 0.734133
vt 0.635214 0.722337
vt 0.624550 0.739191
vt 0.624119 0.726029
vt 0.609490 0.734552
vt 0.612939 0.722503
vt 0.594430 0.729913
vt 0.601760 0.718976
vt 0.584947 0.717310
vt 0.594793 0.709573
vt 0.575464 0.704707
vt 0.587826 0.700169
vt 0.575219 0.688900
vt 0.587729 0.688456
vt 0.574974 0.673093
vt 0.587631 0.676742
vt 0.584104 0.660154
vt 0.594446 0.667213
vt 0.593235 0.647215
vt 0.601261 0.657684
vt 0.608256 0.642029
vt 0.612362 0.654079
vt 0.977908 0.508526
vt 0.996391 0.508526
vt 0.100824 0.677834
vt 0.093072 0.680353
vt 0.100824 0.694214
vt 0.093072 0.694214
vt 0.100824 0.710594
vt 0.093072 0.708075
vt 0.091196 0.723846
vt 0.084925 0.719289
vt 0.081568 0.737098
vt 0.076777 0.730503
vt 0.065990 0.742159
vt 0.063595 0.734786
vt 0.050412 0.747220
vt 0.050412 0.739070
vt 0.034834 0.742159
vt 0.037229 0.734786
vt 0.019255 0.737098
vt 0.024046 0.730503
vt 0.009628 0.723846
vt 0.015899 0.719289
vt 0.000000 0.710594
vt 0.007752 0.708075
vt 0.000000 0.694214
vt 0.007752 0.694214
vt 0.000000 0.677834
vt 0.007752 0.680353
vt 0.009628 0.664583
vt 0.015899 0.669139
vt 0.019255 0.651331
vt 0.024046 0.657925
vt 0.034833 0.646269
vt 0.037229 0.653642
vt 0.050412 0.641208
vt 0.050412 0.649359
vt 0.065990 0.646269
vt 0.063595 0.653642
vt 0.233548 0.458083
vt 0.261537 0.478419
vt 0.717113 0.996624
vt 0.697212 0.996624
vt 0.469834 0.390123
vt 0.469834 0.353746
vt 0.454255 0.395184
vt 0.443564 0.362281
vt 0.438677 0.400246
vt 0.417295 0.370816
vt 0.429049 0.413497
vt 0.401060 0.393162
vt 0.419422 0.426749
vt 0.384825 0.415508
vt 0.419422 0.443129
vt 0.384825 0.443129
vt 0.419421 0.459509
vt 0.384825 0.470750
vt 0.384825 0.470750
vt 0.419421 0.459509
vt 0.429049 0.472761
vt 0.401060 0.493096
vt 0.438677 0.486012
vt 0.417295 0.515442
vt 0.454255 0.491074
vt 0.443564 0.523977
vt 0.469833 0.496135
vt 0.469833 0.532512
vt 0.485412 0.491074
vt 0.496102 0.523977
vt 0.500990 0.486013
vt 0.522372 0.515442
vt 0.510618 0.472761
vt 0.538607 0.493096
vt 0.520245 0.459509
vt 0.554842 0.470750
vt 0.520245 0.443129
vt 0.554842 0.443129
vt 0.520245 0.426749
vt 0.554842 0.415509
vt 0.510618 0.413498
vt 0.538607 0.393163
vt 0.106782 0.579870
vt 0.134771 0.600205
vt 0.510580 0.557121
vt 0.510580 0.520745
vt 0.495002 0.562183
vt 0.484311 0.529279
vt 0.479423 0.567244
vt 0.458041 0.537814
vt 0.469796 0.580496
vt 0.441806 0.560161
vt 0.460168 0.593748
vt 0.425571 0.582507
vt 0.460168 0.610128
vt 0.425571 0.610128
vt 0.460168 0.626508
vt 0.425571 0.637748
vt 0.425571 0.637748
vt 0.460168 0.626508
vt 0.469795 0.639759
vt 0.441806 0.660095
vt 0.479423 0.653011
vt 0.458041 0.682441
vt 0.495001 0.658072
vt 0.484310 0.690976
vt 0.510579 0.663134
vt 0.510579 0.699511
vt 0.526158 0.658072
vt 0.536849 0.690976
vt 0.541736 0.653011
vt 0.563118 0.682441
vt 0.551364 0.639760
vt 0.579353 0.660095
vt 0.560991 0.626508
vt 0.595588 0.637749
vt 0.560991 0.610128
vt 0.595588 0.610128
vt 0.560991 0.593748
vt 0.595588 0.582507
vt 0.551364 0.580496
vt 0.579353 0.560161
vt 0.380671 0.781541
vt 0.362188 0.781541
vt 0.134308 0.096473
vt 0.134308 0.106120
vt 0.122239 0.106120
vt 0.122239 0.096473
vt 0.134308 0.115766
vt 0.122239 0.115766
vt 0.134308 0.077180
vt 0.134308 0.086827
vt 0.122239 0.086827
vt 0.122239 0.077180
vt 0.134308 0.057887
vt 0.134308 0.067534
vt 0.122239 0.067534
vt 0.122239 0.057887
vt 0.134308 0.038594
vt 0.134308 0.048241
vt 0.122239 0.048241
vt 0.122239 0.038594
vt 0.134308 0.019301
vt 0.134308 0.028948
vt 0.122239 0.028948
vt 0.122239 0.019301
vt 0.123953 0.000008
vt 0.134308 0.009655
vt 0.122239 0.009655
vt 0.122239 0.000008
vt 0.134308 0.173646
vt 0.134308 0.183292
vt 0.122238 0.183292
vt 0.122238 0.173645
vt 0.123953 0.192939
vt 0.122238 0.192939
vt 0.134308 0.154352
vt 0.134308 0.163999
vt 0.122238 0.163999
vt 0.122238 0.154352
vt 0.134308 0.135059
vt 0.134308 0.144706
vt 0.122239 0.144706
vt 0.122239 0.135059
vt 0.122239 0.125413
vt 0.134308 0.125413
vt 0.166229 0.106120
vt 0.166229 0.096473
vt 0.166229 0.115766
vt 0.166229 0.086827
vt 0.166229 0.077180
vt 0.166229 0.067534
vt 0.166229 0.057887
vt 0.166229 0.048241
vt 0.166229 0.038594
vt 0.166229 0.028948
vt 0.166229 0.019301
vt 0.166229 0.009655
vt 0.166229 0.000008
vt 0.166229 0.183292
vt 0.166229 0.173646
vt 0.166229 0.192939
vt 0.166229 0.163999
vt 0.166229 0.154352
vt 0.166229 0.144706
vt 0.166229 0.135059
vt 0.166229 0.125413
vt 0.416198 0.029115
vt 0.427583 0.028741
vt 0.427648 0.044120
vt 0.416232 0.044430
vt 0.438967 0.028367
vt 0.439063 0.043809
vt 0.450286 0.027808
vt 0.450653 0.043287
vt 0.461604 0.027249
vt 0.462244 0.042765
vt 0.472815 0.026122
vt 0.474004 0.041649
vt 0.484027 0.024994
vt 0.485764 0.040534
vt 0.495003 0.022895
vt 0.497710 0.038389
vt 0.505978 0.020796
vt 0.509657 0.036243
vt 0.516244 0.017081
vt 0.522004 0.032108
vt 0.526509 0.013367
vt 0.534351 0.027973
vt 0.534137 0.006686
vt 0.545206 0.018007
vt 0.541765 0.000005
vt 0.556060 0.008041
vt 0.326260 0.056374
vt 0.325969 0.042291
vt 0.336703 0.038855
vt 0.338235 0.053262
vt 0.347437 0.035420
vt 0.350209 0.050150
vt 0.358833 0.033382
vt 0.361058 0.048999
vt 0.404716 0.029909
vt 0.405107 0.044460
vt 0.962129 0.101257
vt 0.941689 0.101257
vt 0.456330 0.482016
vt 0.460912 0.467915
vt 0.063269 0.073294
vt 0.058426 0.073900
vt 0.050189 0.005324
vt 0.054347 0.004783
vt 0.058504 0.004241
vt 0.068105 0.072639
vt 0.062650 0.003617
vt 0.072934 0.071937
vt 0.066795 0.002993
vt 0.077757 0.071186
vt 0.070928 0.002287
vt 0.082571 0.070388
vt 0.075060 0.001580
vt 0.087378 0.069541
vt 0.079178 0.000791
vt 0.092176 0.068647
vt 0.083295 0.000003
vt 0.083649 0.001754
vt 0.000000 0.010114
vt 0.000000 0.008327
vt 0.004192 0.008286
vt 0.004880 0.077372
vt 0.008384 0.008244
vt 0.009760 0.077299
vt 0.012575 0.008119
vt 0.014639 0.077177
vt 0.016765 0.007993
vt 0.019517 0.077007
vt 0.020952 0.007785
vt 0.024392 0.076788
vt 0.025140 0.007576
vt 0.029265 0.076521
vt 0.029322 0.007284
vt 0.034135 0.076205
vt 0.033504 0.006992
vt 0.039002 0.075841
vt 0.037679 0.006616
vt 0.043865 0.075428
vt 0.041855 0.006241
vt 0.048724 0.074967
vt 0.046022 0.005783
vt 0.053577 0.074458
vt 0.062022 0.277416
vt 0.055146 0.278000
vt 0.068892 0.276764
vt 0.048265 0.278515
vt 0.041379 0.278961
vt 0.034489 0.279339
vt 0.027595 0.279649
vt 0.020699 0.279889
vt 0.013800 0.280061
vt 0.006901 0.280164
vt 0.000000 0.280233
vt 0.130330 0.267828
vt 0.123546 0.269093
vt 0.137108 0.266530
vt 0.116750 0.270289
vt 0.109943 0.271418
vt 0.103124 0.272480
vt 0.096296 0.273473
vt 0.082610 0.275255
vt 0.089457 0.274398
vt 0.075755 0.276044
vn -0.103865 0.979088 0.174923
vn -0.103865 0.979088 0.174923
vn -0.318773 0.933057 0.166699
vn -0.318773 0.933057 0.166699
vn -0.474517 0.866526 0.154812
vn -0.474517 0.866526 0.154812
vn -0.561640 0.814485 0.145514
vn -0.561640 0.814485 0.145514
vn -0.712949 0.690286 0.123325
vn -0.712949 0.690286 0.123325
vn -0.963124 0.264864 0.047320
vn -0.963124 0.264865 0.047321
vn -0.998983 0.044392 0.007931
vn -0.998983 0.044392 0.007931
vn -0.992780 -0.118081 -0.021097
vn -0.992780 -0.118081 -0.021097
vn -0.030832 0.983945 0.175790
vn -0.030832 0.983945 0.175790
vn 0.000000 0.984413 0.175872
vn 0.000000 0.984413 0.175872
vn -0.947822 -0.313832 -0.056070
vn -0.947822 -0.313832 -0.056070
vn -0.798049 -0.593199 -0.105982
vn -0.798050 -0.593199 -0.105982
vn -0.999426 -0.033338 -0.005956
vn -0.999426 -0.033338 -0.005956
vn -0.998381 0.055995 0.010004
vn -0.998381 0.055995 0.010004
vn -0.950954 -0.304510 -0.054404
vn -0.950954 -0.304510 -0.054404
vn -0.859396 0.503341 0.089926
vn -0.859396 0.503340 0.089926
vn -0.963355 0.264048 0.047174
vn -0.963355 0.264048 0.047174
vn -0.967012 0.250759 0.044800
vn -0.967012 0.250759 0.044800
vn -0.993598 0.111211 0.019869
vn -0.993598 0.111211 0.019869
vn 0.111332 -0.978293 -0.174780
vn 0.318077 -0.933287 -0.166740
vn 0.318077 -0.933287 -0.166740
vn 0.111332 -0.978293 -0.174780
vn 0.473138 -0.867256 -0.154942
vn 0.473138 -0.867256 -0.154942
vn 0.565429 -0.811941 -0.145060
vn 0.565429 -0.811941 -0.145060
vn 0.715113 -0.688113 -0.122937
vn 0.715113 -0.688113 -0.122937
vn 0.962176 -0.268183 -0.047913
vn 0.998852 -0.047151 -0.008424
vn 0.998852 -0.047151 -0.008424
vn 0.962176 -0.268183 -0.047913
vn 0.992175 0.122907 0.021959
vn 0.992175 0.122907 0.021959
vn 0.031232 -0.983933 -0.175787
vn 0.031232 -0.983933 -0.175787
vn -0.000000 -0.984413 -0.175873
vn -0.000000 -0.984413 -0.175873
vn 0.948621 0.311483 0.055649
vn 0.829915 0.549194 0.098118
vn 0.829915 0.549194 0.098118
vn 0.948621 0.311483 0.055649
vn 0.999600 0.027846 0.004975
vn 0.999600 0.027846 0.004975
vn 0.998500 -0.053898 -0.009629
vn 0.998500 -0.053897 -0.009629
vn 0.946509 0.317648 0.056750
vn 0.946509 0.317648 0.056750
vn 0.859998 -0.502343 -0.089747
vn 0.859998 -0.502343 -0.089747
vn 0.961918 -0.269079 -0.048074
vn 0.961918 -0.269079 -0.048074
vn 0.967546 -0.248756 -0.044443
vn 0.967546 -0.248756 -0.044443
vn 0.993598 -0.111211 -0.019870
vn 0.993598 -0.111211 -0.019870
vn -0.000000 0.175873 -0.984413
vn 0.000002 0.175872 -0.984413
vn 0.000002 0.175872 -0.984413
vn -0.000000 0.175873 -0.984413
vn 0.000001 -0.175875 0.984412
vn 0.000000 -0.175874 0.984413
vn 0.000000 -0.175874 0.984413
vn 0.000001 -0.175875 0.984412
vn -0.000001 0.175874 -0.984413
vn -0.000001 0.175874 -0.984413
vn -0.000003 -0.175873 0.984413
vn -0.000003 -0.175873 0.984413
vn 0.000000 0.175875 -0.984412
vn 0.000000 0.175875 -0.984413
vn 0.000000 -0.175872 0.984413
vn 0.000000 -0.175872 0.984413
vn 0.000001 0.175874 -0.984413
vn 0.000001 0.175874 -0.984413
vn 0.000000 -0.175873 0.984413
vn 0.000000 -0.175873 0.984413
vn 0.000001 0.175874 -0.984413
vn 0.000001 0.175871 -0.984413
vn 0.000001 0.175871 -0.984413
vn 0.000001 0.175874 -0.984413
vn 0.000002 -0.175872 0.984413
vn -0.000001 -0.175873 0.984413
vn -0.000001 -0.175873 0.984413
vn 0.000002 -0.175872 0.984413
vn 0.000001 0.175875 -0.984413
vn 0.000001 0.175875 -0.984412
vn -0.000001 -0.175872 0.984413
vn -0.000001 -0.175872 0.984413
vn 0.000001 0.175873 -0.984413
vn 0.000001 0.175873 -0.984413
vn -0.000001 -0.175875 0.984413
vn -0.000001 -0.175875 0.984413
vn -0.000001 -0.175874 0.984413
vn -0.000001 -0.175874 0.984413
vn -0.000002 0.175875 -0.984413
vn -0.000002 0.175875 -0.984413
vn 0.000000 -0.175873 0.984413
vn -0.000000 -0.175875 0.984413
vn -0.000000 -0.175875 0.984413
vn 0.000000 -0.175873 0.984413
vn 0.000001 0.175874 -0.984413
vn 0.000002 0.175873 -0.984413
vn 0.000002 0.175873 -0.984413
vn 0.000001 0.175874 -0.984413
vn -0.000000 0.175873 -0.984413
vn -0.000000 0.175873 -0.984413
vn -0.000000 -0.175874 0.984413
vn -0.000000 -0.175874 0.984413
vn -0.000000 -0.175874 0.984413
vn -0.000000 -0.175874 0.984413
vn -0.000000 0.175874 -0.984413
vn -0.000000 0.175874 -0.984413
vn 0.000001 -0.175874 0.984413
vn 0.000001 -0.175874 0.984413
vn 0.000001 0.175873 -0.984413
vn 0.000001 0.175873 -0.984413
vn -0.000000 0.175871 -0.984413
vn -0.000000 0.175871 -0.984413
vn 0.000002 -0.175873 0.984413
vn 0.000002 -0.175873 0.984413
vn 0.006445 -0.153981 0.988053
vn 0.006446 -0.153978 0.988053
vn 0.006446 0.197672 -0.980247
vn 0.006448 0.197676 -0.980246
vn 0.034323 0.341522 -0.939247
vn 0.034344 0.341665 -0.939194
vn 0.034344 -0.004680 0.999399
vn 0.034322 -0.004833 0.999399
vn 0.041775 0.047308 0.998006
vn 0.041775 0.047308 0.998006
vn 0.041775 0.389957 -0.919885
vn 0.041775 0.389957 -0.919885
vn 0.112997 0.978109 0.174742
vn 0.112997 0.978109 0.174742
vn 0.112997 0.978109 0.174742
vn 0.112997 0.978109 0.174742
vn -0.073444 0.992005 0.102622
vn -0.073444 0.992006 0.102622
vn -0.225407 0.972700 -0.055192
vn -0.225406 0.972700 -0.055192
vn -0.335534 0.925537 -0.175493
vn -0.335534 0.925537 -0.175493
vn -0.397138 0.884331 -0.245437
vn -0.397138 0.884331 -0.245437
vn -0.504130 0.778951 -0.372947
vn -0.504130 0.778951 -0.372946
vn -0.681032 0.384638 -0.623096
vn -0.681032 0.384638 -0.623096
vn -0.706388 0.168626 -0.687446
vn -0.706388 0.168626 -0.687446
vn -0.702002 0.005383 -0.712154
vn -0.702002 0.005383 -0.712154
vn -0.021801 0.987779 0.154326
vn -0.021801 0.987779 0.154326
vn 0.000001 0.984413 0.175872
vn 0.000001 0.984413 0.175872
vn -0.670211 -0.195960 -0.715833
vn -0.670211 -0.195960 -0.715833
vn -0.564306 -0.493952 -0.661491
vn -0.564306 -0.493952 -0.661491
vn -0.706702 0.090951 -0.701641
vn -0.706702 0.090951 -0.701641
vn -0.705962 0.180155 -0.684954
vn -0.705962 0.180155 -0.684954
vn -0.672426 -0.186249 -0.716348
vn -0.672426 -0.186249 -0.716348
vn -0.607685 0.610217 -0.508286
vn -0.607685 0.610217 -0.508286
vn -0.681195 0.383852 -0.623403
vn -0.681195 0.383852 -0.623403
vn -0.683781 0.371018 -0.628323
vn -0.683781 0.371018 -0.628323
vn -0.702579 0.234776 -0.671761
vn -0.702579 0.234776 -0.671761
vn 0.078724 -0.992138 -0.097284
vn 0.224915 -0.972844 0.054669
vn 0.224915 -0.972844 0.054669
vn 0.078724 -0.992138 -0.097284
vn 0.334560 -0.926095 0.174406
vn 0.334560 -0.926095 0.174406
vn 0.399819 -0.882258 0.248528
vn 0.399819 -0.882258 0.248528
vn 0.505662 -0.777046 0.374842
vn 0.505662 -0.777045 0.374842
vn 0.680361 -0.387840 0.621843
vn 0.706293 -0.171369 0.686864
vn 0.706293 -0.171369 0.686864
vn 0.680361 -0.387841 0.621843
vn 0.701574 -0.000481 0.712596
vn 0.701574 -0.000481 0.712596
vn 0.022085 -0.987817 -0.154047
vn 0.022085 -0.987817 -0.154047
vn 0.000002 -0.984413 -0.175872
vn 0.000002 -0.984413 -0.175872
vn 0.670777 0.193512 0.715969
vn 0.586839 0.445985 0.675809
vn 0.586839 0.445985 0.675809
vn 0.670777 0.193512 0.715969
vn 0.706824 -0.096465 0.700782
vn 0.706824 -0.096465 0.700782
vn 0.706046 -0.178072 0.685412
vn 0.706046 -0.178073 0.685412
vn 0.669284 0.199940 0.715600
vn 0.669284 0.199940 0.715600
vn 0.608111 -0.609294 0.508883
vn 0.608111 -0.609294 0.508883
vn 0.680179 -0.388704 0.621503
vn 0.680179 -0.388704 0.621503
vn 0.684160 -0.369081 0.629051
vn 0.684160 -0.369080 0.629051
vn 0.702583 -0.234775 0.671757
vn 0.702583 -0.234775 0.671757
vn 0.707108 0.124362 -0.696084
vn 0.707107 0.124361 -0.696085
vn 0.707107 0.124361 -0.696085
vn 0.707108 0.124362 -0.696084
vn -0.707108 -0.124362 0.696084
vn -0.707107 -0.124362 0.696085
vn -0.707107 -0.124362 0.696085
vn -0.707108 -0.124363 0.696084
vn 0.707107 0.124361 -0.696085
vn 0.707107 0.124361 -0.696085
vn -0.707106 -0.124362 0.696085
vn -0.707106 -0.124362 0.696086
vn 0.707106 0.124362 -0.696086
vn 0.707106 0.124362 -0.696086
vn -0.707107 -0.124361 0.696084
vn -0.707107 -0.124361 0.696084
vn 0.707108 0.124363 -0.696084
vn 0.707107 0.124363 -0.696084
vn -0.707106 -0.124361 0.696085
vn -0.707106 -0.124361 0.696086
vn 0.707108 0.124361 -0.696084
vn 0.707106 0.124360 -0.696086
vn 0.707106 0.124360 -0.696086
vn 0.707108 0.124361 -0.696084
vn -0.707107 -0.124362 0.696085
vn -0.707107 -0.124361 0.696085
vn -0.707107 -0.124361 0.696085
vn -0.707107 -0.124362 0.696085
vn 0.707106 0.124362 -0.696085
vn 0.707106 0.124362 -0.696085
vn -0.707107 -0.124361 0.696085
vn -0.707107 -0.124361 0.696085
vn 0.707107 0.124361 -0.696085
vn 0.707107 0.124361 -0.696085
vn -0.707107 -0.124363 0.696084
vn -0.707107 -0.124363 0.696084
vn -0.707106 -0.124362 0.696085
vn -0.707106 -0.124362 0.696085
vn 0.707106 0.124361 -0.696086
vn 0.707106 0.124361 -0.696086
vn -0.707107 -0.124363 0.696085
vn -0.707108 -0.124362 0.696084
vn -0.707107 -0.124362 0.696084
vn -0.707107 -0.124363 0.696085
vn 0.707107 0.124361 -0.696085
vn 0.707108 0.124360 -0.696084
vn 0.707108 0.124360 -0.696084
vn 0.707107 0.124361 -0.696085
vn 0.707108 0.124361 -0.696084
vn 0.707108 0.124361 -0.696084
vn -0.707107 -0.124361 0.696084
vn -0.707107 -0.124361 0.696084
vn -0.707107 -0.124362 0.696085
vn -0.707107 -0.124362 0.696085
vn 0.707108 0.124361 -0.696084
vn 0.707108 0.124361 -0.696084
vn -0.707106 -0.124360 0.696086
vn -0.707106 -0.124360 0.696086
vn 0.707105 0.124360 -0.696087
vn 0.707105 0.124360 -0.696087
vn 0.707106 0.124361 -0.696086
vn 0.707106 0.124361 -0.696086
vn -0.707106 -0.124362 0.696086
vn -0.707106 -0.124362 0.696086
vn -0.702362 -0.103284 0.704287
vn -0.702361 -0.103280 0.704288
vn 0.711475 0.145371 -0.687510
vn 0.711476 0.145375 -0.687509
vn 0.720536 0.286532 -0.631449
vn 0.720532 0.286674 -0.631389
vn -0.671966 0.041771 0.739403
vn -0.672000 0.041623 0.739380
vn -0.659276 0.092294 0.746215
vn -0.659276 0.092294 0.746215
vn 0.718352 0.334582 -0.609940
vn 0.718351 0.334582 -0.609940
vn 0.079900 0.964053 0.253412
vn 0.079900 0.964053 0.253412
vn 0.079900 0.964053 0.253412
vn 0.079900 0.964053 0.253412
vn 0.000000 0.997356 0.072678
vn 0.000000 0.997356 0.072678
vn -0.000000 0.989121 -0.147105
vn -0.000000 0.989121 -0.147105
vn -0.000000 0.949980 -0.312311
vn -0.000000 0.949980 -0.312311
vn -0.000000 0.913264 -0.407368
vn -0.000000 0.913264 -0.407368
vn 0.000000 0.815676 -0.578510
vn -0.000000 0.815676 -0.578510
vn 0.000001 0.434251 -0.900792
vn 0.000001 0.434251 -0.900792
vn 0.000001 0.220088 -0.975480
vn 0.000001 0.220088 -0.975480
vn 0.000000 0.056525 -0.998401
vn 0.000000 0.056525 -0.998401
vn 0.000000 0.989368 0.145436
vn 0.000000 0.989368 0.145436
vn 0.000000 0.984414 0.175870
vn 0.000000 0.984414 0.175870
vn 0.000000 -0.147135 -0.989116
vn 0.000000 -0.147135 -0.989116
vn 0.000001 -0.452850 -0.891586
vn 0.000001 -0.452851 -0.891587
vn 0.000000 0.142435 -0.989804
vn 0.000000 0.142435 -0.989804
vn 0.000000 0.231584 -0.972815
vn 0.000000 0.231584 -0.972815
vn 0.000001 -0.137266 -0.990534
vn 0.000001 -0.137266 -0.990534
vn 0.000001 0.654483 -0.756077
vn 0.000001 0.654483 -0.756077
vn 0.000001 0.433476 -0.901165
vn 0.000001 0.433477 -0.901165
vn 0.000001 0.420830 -0.907140
vn 0.000001 0.420830 -0.907140
vn 0.000002 0.285957 -0.958242
vn 0.000002 0.285957 -0.958242
vn 0.000001 -0.997874 -0.065180
vn 0.000001 -0.989228 0.146383
vn 0.000001 -0.989228 0.146383
vn 0.000001 -0.997874 -0.065180
vn 0.000001 -0.950469 0.310821
vn 0.000001 -0.950469 0.310821
vn 0.000000 -0.911384 0.411558
vn 0.000000 -0.911384 0.411558
vn 0.000001 -0.813881 0.581031
vn 0.000001 -0.813881 0.581031
vn 0.000001 -0.437406 0.899264
vn 0.000001 -0.222822 0.974859
vn 0.000001 -0.222822 0.974859
vn 0.000001 -0.437406 0.899264
vn 0.000001 -0.051589 0.998668
vn 0.000001 -0.051589 0.998668
vn 0.000001 -0.989425 -0.145045
vn 0.000001 -0.989425 -0.145045
vn 0.000001 -0.984411 -0.175884
vn 0.000001 -0.984411 -0.175884
vn -0.000001 0.144645 0.989484
vn -0.000000 0.403232 0.915098
vn -0.000000 0.403232 0.915098
vn -0.000001 0.144646 0.989484
vn 0.000000 -0.147958 0.988994
vn 0.000000 -0.147958 0.988994
vn 0.000000 -0.229508 0.973307
vn 0.000000 -0.229508 0.973307
vn 0.000000 0.151184 0.988506
vn 0.000000 0.151183 0.988506
vn 0.000001 -0.653594 0.756845
vn 0.000001 -0.653594 0.756845
vn 0.000000 -0.438255 0.898851
vn 0.000000 -0.438255 0.898851
vn 0.000000 -0.418922 0.908022
vn 0.000000 -0.418922 0.908022
vn -0.000001 -0.285959 0.958242
vn -0.000001 -0.285959 0.958242
vn 1.000000 0.000000 -0.000000
vn 1.000000 0.000000 0.000000
vn 1.000000 0.000000 0.000000
vn 1.000000 0.000000 -0.000000
vn -1.000000 0.000000 0.000000
vn -1.000000 0.000000 0.000000
vn -1.000000 0.000000 0.000000
vn -1.000000 0.000000 0.000000
vn 1.000000 0.000000 -0.000000
vn 1.000000 0.000000 -0.000000
vn -1.000000 0.000000 -0.000000
vn -1.000000 0.000000 -0.000000
vn 1.000000 0.000000 -0.000000
vn 1.000000 0.000000 -0.000000
vn -1.000000 0.000000 -0.000000
vn -1.000000 0.000000 -0.000000
vn 1.000000 0.000000 0.000000
vn 1.000000 0.000000 0.000000
vn -1.000000 0.000000 -0.000000
vn -1.000000 0.000000 -0.000000
vn 1.000000 -0.000000 -0.000000
vn 1.000000 -0.000000 0.000000
vn 1.000000 -0.000000 0.000000
vn 1.000000 -0.000000 -0.000000
vn -1.000000 0.000000 0.000000
vn -1.000000 -0.000000 0.000000
vn -1.000000 -0.000000 0.000000
vn -1.000000 0.000000 0.000000
vn 1.000000 0.000000 -0.000000
vn 1.000000 0.000000 -0.000000
vn -1.000000 0.000000 0.000000
vn -1.000000 0.000000 0.000000
vn 1.000000 0.000000 0.000000
vn 1.000000 0.000000 0.000000
vn -1.000000 -0.000000 0.000000
vn -1.000000 -0.000000 0.000000
vn -1.000000 -0.000000 0.000000
vn -1.000000 -0.000000 0.000000
vn 1.000000 0.000000 0.000000
vn 1.000000 0.000000 0.000000
vn -1.000000 -0.000000 0.000000
vn -1.000000 0.000000 0.000000
vn -1.000000 0.000000 0.000000
vn -1.000000 -0.000000 0.000000
vn 1.000000 -0.000000 -0.000000
vn 1.000000 -0.000000 -0.000000
vn 1.000000 -0.000000 -0.000000
vn 1.000000 -0.000000 -0.000000
vn 1.000000 0.000000 -0.000000
vn 1.000000 0.000000 -0.000000
vn -1.000000 0.000000 0.000000
vn -1.000000 0.000000 0.000000
vn -1.000000 0.000000 -0.000000
vn -1.000000 0.000000 -0.000000
vn 1.000000 0.000000 -0.000000
vn 1.000000 0.000000 -0.000000
vn -1.000000 0.000000 -0.000000
vn -1.000000 0.000000 -0.000000
vn 1.000000 -0.000000 -0.000000
vn 1.000000 -0.000000 -0.000000
vn 1.000000 0.000000 0.000000
vn 1.000000 0.000000 0.000000
vn -1.000000 0.000000 0.000000
vn -1.000000 0.000000 0.000000
vn -0.999733 0.020712 0.010247
vn -0.999733 0.020716 0.010248
vn 0.999733 0.020712 0.010247
vn 0.999733 0.020716 0.010248
vn 0.984671 0.162308 0.063864
vn 0.984644 0.162452 0.063912
vn -0.984644 0.162453 0.063912
vn -0.984671 0.162309 0.063864
vn -0.974130 0.211285 0.080185
vn -0.974130 0.211285 0.080185
vn 0.974130 0.211285 0.080186
vn 0.974130 0.211284 0.080186
vn 0.000002 0.958234 0.285984
vn 0.000002 0.958234 0.285984
vn 0.000002 0.958234 0.285984
vn 0.000002 0.958234 0.285984
vn 0.073444 0.992005 0.102623
vn 0.073445 0.992005 0.102623
vn 0.225408 0.972700 -0.055194
vn 0.225408 0.972700 -0.055194
vn 0.335534 0.925537 -0.175494
vn 0.335534 0.925537 -0.175494
vn 0.397138 0.884332 -0.245435
vn 0.397138 0.884332 -0.245435
vn 0.504130 0.778951 -0.372945
vn 0.504130 0.778951 -0.372945
vn 0.681032 0.384639 -0.623096
vn 0.681032 0.384639 -0.623096
vn 0.706388 0.168626 -0.687445
vn 0.706388 0.168626 -0.687445
vn 0.702003 0.005383 -0.712154
vn 0.702003 0.005383 -0.712154
vn 0.021801 0.987779 0.154328
vn 0.021801 0.987779 0.154328
vn -0.000000 0.984413 0.175875
vn -0.000000 0.984413 0.175875
vn 0.670211 -0.195958 -0.715834
vn 0.670211 -0.195958 -0.715834
vn 0.564304 -0.493951 -0.661493
vn 0.564304 -0.493951 -0.661493
vn 0.706701 0.090952 -0.701642
vn 0.706701 0.090952 -0.701642
vn 0.705962 0.180155 -0.684954
vn 0.705962 0.180155 -0.684954
vn 0.672425 -0.186251 -0.716349
vn 0.672425 -0.186250 -0.716349
vn 0.607685 0.610217 -0.508286
vn 0.607685 0.610217 -0.508286
vn 0.681195 0.383852 -0.623403
vn 0.681195 0.383852 -0.623403
vn 0.683781 0.371019 -0.628322
vn 0.683781 0.371019 -0.628322
vn 0.702579 0.234776 -0.671761
vn 0.702579 0.234776 -0.671761
vn -0.078724 -0.992138 -0.097282
vn -0.224915 -0.972844 0.054669
vn -0.224915 -0.972844 0.054669
vn -0.078724 -0.992139 -0.097282
vn -0.334559 -0.926096 0.174403
vn -0.334559 -0.926096 0.174403
vn -0.399818 -0.882258 0.248529
vn -0.399818 -0.882258 0.248529
vn -0.505662 -0.777044 0.374844
vn -0.505662 -0.777044 0.374844
vn -0.680361 -0.387840 0.621843
vn -0.706293 -0.171369 0.686864
vn -0.706293 -0.171369 0.686864
vn -0.680361 -0.387840 0.621843
vn -0.701575 -0.000481 0.712596
vn -0.701575 -0.000481 0.712596
vn -0.022084 -0.987817 -0.154047
vn -0.022084 -0.987817 -0.154047
vn 0.000001 -0.984412 -0.175875
vn 0.000001 -0.984412 -0.175875
vn -0.670776 0.193511 0.715970
vn -0.586838 0.445984 0.675810
vn -0.586839 0.445984 0.675810
vn -0.670776 0.193511 0.715970
vn -0.706823 -0.096465 0.700782
vn -0.706823 -0.096465 0.700782
vn -0.706046 -0.178073 0.685412
vn -0.706046 -0.178073 0.685412
vn -0.669285 0.199941 0.715599
vn -0.669285 0.199940 0.715599
vn -0.608112 -0.609294 0.508882
vn -0.608112 -0.609294 0.508882
vn -0.680178 -0.388705 0.621503
vn -0.680178 -0.388705 0.621503
vn -0.684159 -0.369081 0.629051
vn -0.684159 -0.369081 0.629051
vn -0.702582 -0.234775 0.671758
vn -0.702582 -0.234776 0.671758
vn 0.707106 -0.124362 0.696085
vn 0.707107 -0.124364 0.696084
vn 0.707107 -0.124364 0.696084
vn 0.707106 -0.124362 0.696085
vn -0.707108 0.124362 -0.696084
vn -0.707107 0.124362 -0.696085
vn -0.707107 0.124362 -0.696085
vn -0.707108 0.124362 -0.696084
vn 0.707106 -0.124360 0.696085
vn 0.707107 -0.124360 0.696085
vn -0.707107 0.124362 -0.696085
vn -0.707107 0.124362 -0.696085
vn 0.707107 -0.124360 0.696085
vn 0.707107 -0.124360 0.696085
vn -0.707106 0.124361 -0.696085
vn -0.707106 0.124361 -0.696085
vn 0.707106 -0.124361 0.696086
vn 0.707106 -0.124361 0.696086
vn -0.707106 0.124361 -0.696086
vn -0.707106 0.124361 -0.696086
vn 0.707107 -0.124361 0.696085
vn 0.707107 -0.124361 0.696085
vn 0.707107 -0.124361 0.696085
vn 0.707107 -0.124361 0.696085
vn -0.707106 0.124361 -0.696086
vn -0.707108 0.124360 -0.696084
vn -0.707108 0.124360 -0.696084
vn -0.707106 0.124361 -0.696086
vn 0.707107 -0.124361 0.696085
vn 0.707107 -0.124361 0.696085
vn -0.707108 0.124361 -0.696084
vn -0.707107 0.124361 -0.696084
vn 0.707108 -0.124363 0.696083
vn 0.707108 -0.124363 0.696083
vn -0.707109 0.124361 -0.696083
vn -0.707109 0.124361 -0.696083
vn -0.707109 0.124359 -0.696084
vn -0.707109 0.124359 -0.696084
vn 0.707109 -0.124362 0.696082
vn 0.707109 -0.124362 0.696082
vn -0.707106 0.124361 -0.696085
vn -0.707107 0.124362 -0.696084
vn -0.707107 0.124362 -0.696084
vn -0.707106 0.124361 -0.696085
vn 0.707107 -0.124362 0.696085
vn 0.707107 -0.124360 0.696085
vn 0.707107 -0.124360 0.696085
vn 0.707107 -0.124362 0.696085
vn 0.707106 -0.124361 0.696085
vn 0.707106 -0.124361 0.696085
vn -0.707107 0.124362 -0.696085
vn -0.707107 0.124362 -0.696085
vn -0.707107 0.124361 -0.696085
vn -0.707107 0.124361 -0.696085
vn 0.707106 -0.124362 0.696085
vn 0.707106 -0.124362 0.696085
vn -0.707106 0.124359 -0.696086
vn -0.707106 0.124359 -0.696086
vn 0.707107 -0.124360 0.696085
vn 0.707107 -0.124360 0.696085
vn 0.707106 -0.124361 0.696086
vn 0.707106 -0.124361 0.696086
vn -0.707105 0.124362 -0.696087
vn -0.707105 0.124362 -0.696087
vn -0.711474 0.145372 -0.687512
vn -0.711474 0.145376 -0.687510
vn 0.702361 -0.103285 0.704288
vn 0.702360 -0.103281 0.704289
vn 0.671998 0.041622 0.739382
vn 0.671964 0.041771 0.739405
vn -0.720533 0.286674 -0.631388
vn -0.720536 0.286532 -0.631448
vn -0.718352 0.334582 -0.609939
vn -0.718352 0.334582 -0.609939
vn 0.659274 0.092294 0.746217
vn 0.659274 0.092294 0.746217
vn -0.079902 0.964058 0.253392
vn -0.079902 0.964058 0.253392
vn -0.079902 0.964058 0.253392
vn -0.079902 0.964058 0.253392
vn 0.951057 0.000000 0.309016
vn 0.951057 0.000000 0.309016
vn 1.000000 0.000000 0.000001
vn 1.000000 0.000000 0.000001
vn 0.809017 0.000000 0.587785
vn 0.809017 0.000000 0.587785
vn 0.587785 0.000000 0.809017
vn 0.587785 0.000000 0.809017
vn 0.309017 0.000000 0.951057
vn 0.309017 0.000000 0.951057
vn -0.000000 0.000000 1.000000
vn -0.000000 0.000000 1.000000
vn -0.309017 0.000000 0.951057
vn -0.309017 0.000000 0.951057
vn -0.587786 0.000000 0.809017
vn -0.587786 0.000000 0.809017
vn -0.809017 0.000000 0.587785
vn -0.809017 0.000000 0.587785
vn -0.951056 0.000000 0.309018
vn -0.951056 0.000000 0.309018
vn -1.000000 0.000000 0.000000
vn -1.000000 0.000000 0.000000
vn -0.951056 0.000000 -0.309018
vn -0.951056 0.000000 -0.309018
vn -0.809017 0.000000 -0.587785
vn -0.809017 0.000000 -0.587785
vn -0.587786 0.000000 -0.809017
vn -0.587786 0.000000 -0.809017
vn -0.453991 0.000000 -0.891006
vn -0.453991 0.000000 -0.891006
vn -0.156435 0.000000 -0.987688
vn 0.000000 0.000000 -1.000000
vn 0.000000 0.000000 -1.000000
vn -0.156435 0.000000 -0.987688
vn 0.309017 0.000000 -0.951057
vn 0.309017 0.000000 -0.951057
vn 0.587785 0.000000 -0.809017
vn 0.587785 0.000000 -0.809017
vn 0.809017 0.000000 -0.587785
vn 0.809017 0.000000 -0.587785
vn 0.951057 0.000000 -0.309015
vn 0.951057 0.000000 -0.309015
vn -0.309016 0.000000 0.951057
vn -0.309016 0.000000 0.951057
vn -0.587785 0.000000 0.809017
vn -0.587785 0.000000 0.809017
vn 0.000000 0.000000 1.000000
vn 0.000000 0.000000 1.000000
vn 0.309017 0.000000 0.951057
vn 0.309017 0.000000 0.951057
vn 0.587785 0.000000 0.809017
vn 0.587785 0.000000 0.809017
vn 0.809017 0.000000 0.587786
vn 0.809017 0.000000 0.587786
vn 0.951057 0.000000 0.309016
vn 0.951057 0.000000 0.309016
vn 1.000000 0.000000 0.000000
vn 1.000000 0.000000 0.000000
vn 0.951057 0.000000 -0.309017
vn 0.951057 0.000000 -0.309017
vn 0.809016 0.000000 -0.587786
vn 0.809016 0.000000 -0.587786
vn 0.587785 0.000000 -0.809017
vn 0.587785 0.000000 -0.809017
vn 0.309017 0.000000 -0.951056
vn 0.309017 0.000000 -0.951056
vn 0.000000 0.000000 -1.000000
vn 0.000000 0.000000 -1.000000
vn -0.309017 0.000000 -0.951056
vn -0.309017 0.000000 -0.951056
vn -0.587785 0.000000 -0.809017
vn -0.587785 0.000000 -0.809017
vn -0.809017 0.000000 -0.587786
vn -0.809017 0.000000 -0.587786
vn -0.951056 0.000000 -0.309017
vn -0.951056 0.000000 -0.309017
vn -1.000000 0.000000 0.000000
vn -1.000000 0.000000 0.000000
vn -0.951057 0.000000 0.309017
vn -0.951057 0.000000 0.309017
vn -0.809017 0.000000 0.587785
vn -0.809017 0.000000 0.587785
vn 0.000000 1.000000 0.000000
vn 0.000000 1.000000 0.000000
vn 0.000000 1.000000 0.000001
vn 0.000000 1.000000 0.000001
vn 0.000000 1.000000 0.000000
vn 0.000000 1.000000 0.000000
vn 0.000000 1.000000 0.000000
vn 0.000000 1.000000 0.000000
vn 0.000000 1.000000 -0.000002
vn 0.000000 1.000000 -0.000002
vn 0.000000 1.000000 -0.000002
vn 0.000000 1.000000 -0.000002
vn 0.000000 1.000000 -0.000001
vn 0.000000 1.000000 -0.000001
vn 0.000000 1.000000 -0.000001
vn 0.000000 1.000000 -0.000001
vn 0.000000 1.000000 0.000000
vn 0.000000 1.000000 0.000000
vn 0.000000 1.000000 -0.000002
vn 0.000000 1.000000 -0.000002
vn 0.000000 1.000000 -0.000004
vn 0.000000 1.000000 -0.000004
vn 0.000000 1.000000 -0.000004
vn 0.000000 1.000000 -0.000004
vn 0.000000 1.000000 0.000000
vn 0.000000 1.000000 0.000000
vn 0.000000 1.000000 0.000002
vn 0.000000 1.000000 0.000002
vn 0.000000 1.000000 0.000000
vn 0.000000 1.000000 0.000000
vn 0.000000 1.000000 -0.000002
vn 0.000000 1.000000 -0.000002
vn 0.000000 1.000000 -0.000004
vn 0.000000 1.000000 -0.000004
vn 0.000000 1.000000 0.000000
vn 0.000000 1.000000 0.000000
vn 0.000000 1.000000 0.000000
vn 0.000000 1.000000 0.000000
vn 0.000000 1.000000 0.000000
vn 0.000000 1.000000 0.000000
vn 0.000000 1.000000 0.000001
vn 0.000000 1.000000 0.000001
vn 0.000000 -1.000000 -0.000001
vn 0.000000 -1.000000 -0.000001
vn 0.000000 -1.000000 -0.000001
vn 0.000000 -1.000000 -0.000001
vn 0.000000 -1.000000 -0.000002
vn 0.000000 -1.000000 -0.000002
vn 0.000000 -1.000000 -0.000003
vn 0.000000 -1.000000 -0.000003
vn 0.000000 -1.000000 -0.000002
vn 0.000000 -1.000000 -0.000002
vn 0.000000 -1.000000 -0.000001
vn 0.000000 -1.000000 -0.000001
vn 0.000000 -1.000000 0.000000
vn 0.000000 -1.000000 0.000000
vn 0.000000 -1.000000 -0.000003
vn 0.000000 -1.000000 -0.000005
vn 0.000000 -1.000000 -0.000005
vn 0.000000 -1.000000 -0.000003
vn 0.000000 -1.000000 -0.000003
vn 0.000000 -1.000000 -0.000003
vn 0.000000 -1.000000 0.000000
vn 0.000000 -1.000000 0.000000
vn 0.000000 -1.000000 0.000000
vn 0.000000 -1.000000 0.000000
vn 0.000000 -1.000000 -0.000002
vn 0.000000 -1.000000 -0.000002
vn 0.000000 -1.000000 -0.000002
vn 0.000000 -1.000000 -0.000002
vn 0.000000 -1.000000 0.000001
vn 0.000000 -1.000000 0.000001
vn 0.000000 -1.000000 0.000002
vn 0.000000 -1.000000 0.000002
vn 0.000000 -1.000000 0.000001
vn 0.000000 -1.000000 0.000001
vn 0.000000 -1.000000 0.000002
vn 0.000000 -1.000000 0.000002
vn 0.000000 -1.000000 0.000005
vn 0.000000 -1.000000 0.000005
vn 0.000000 -1.000000 0.000001
vn 0.000000 -1.000000 0.000001
vn 0.000000 -1.000000 -0.000002
vn 0.000000 -1.000000 -0.000002
vn 0.000001 0.960821 0.277170
vn 0.000001 0.960821 0.277170
vn 0.000001 0.876995 0.480500
vn 0.000001 0.876995 0.480500
vn -0.000000 0.783072 0.621931
vn -0.000000 0.783072 0.621931
vn -0.000001 0.715708 0.698400
vn -0.000001 0.715708 0.698400
vn -0.000000 0.564899 0.825160
vn -0.000000 0.564899 0.825160
vn 0.000000 0.095476 0.995432
vn 0.000000 0.095476 0.995432
vn 0.000001 -0.131302 0.991342
vn 0.000001 -0.131302 0.991342
vn 0.000002 -0.292684 0.956209
vn 0.000002 -0.292684 0.956209
vn 0.000001 0.978522 0.206144
vn 0.000001 0.978522 0.206144
vn 0.000000 0.984412 0.175876
vn 0.000000 0.984412 0.175876
vn 0.000001 -0.480530 0.876978
vn 0.000001 -0.480530 0.876979
vn 0.000000 -0.733552 0.679634
vn 0.000000 -0.733552 0.679634
vn 0.000001 -0.209111 0.977892
vn 0.000001 -0.209111 0.977892
vn 0.000001 -0.119594 0.992823
vn 0.000001 -0.119594 0.992823
vn 0.000001 -0.471754 0.881730
vn 0.000001 -0.471754 0.881730
vn -0.000001 0.352196 0.935926
vn -0.000001 0.352196 0.935926
vn 0.000001 0.094619 0.995514
vn 0.000001 0.094619 0.995514
vn 0.000000 0.080688 0.996740
vn 0.000000 0.080688 0.996739
vn 0.000000 -0.063538 0.997979
vn 0.000000 -0.063538 0.997979
vn -0.000000 -0.958713 -0.284375
vn -0.000000 -0.877346 -0.479859
vn -0.000000 -0.877346 -0.479859
vn -0.000000 -0.958713 -0.284375
vn 0.000000 -0.784040 -0.620710
vn 0.000000 -0.784040 -0.620710
vn 0.000000 -0.712497 -0.701675
vn 0.000000 -0.712497 -0.701675
vn 0.000000 -0.562345 -0.826903
vn 0.000000 -0.562345 -0.826903
vn 0.000000 -0.098963 -0.995091
vn 0.000001 0.128520 -0.991707
vn 0.000001 0.128520 -0.991707
vn 0.000000 -0.098963 -0.995091
vn 0.000001 0.297405 -0.954751
vn 0.000001 0.297405 -0.954751
vn -0.000000 -0.978440 -0.206533
vn -0.000000 -0.978440 -0.206533
vn -0.000000 -0.984412 -0.175876
vn -0.000000 -0.984412 -0.175876
vn 0.000002 0.478320 -0.878185
vn 0.000001 0.695151 -0.718863
vn 0.000001 0.695151 -0.718863
vn 0.000002 0.478321 -0.878185
vn 0.000001 0.203650 -0.979044
vn 0.000001 0.203650 -0.979044
vn 0.000001 0.121712 -0.992566
vn 0.000001 0.121712 -0.992565
vn 0.000001 0.484113 -0.875005
vn 0.000001 0.484113 -0.875005
vn -0.000000 -0.351093 -0.936341
vn -0.000000 -0.351093 -0.936341
vn 0.000000 -0.099903 -0.994997
vn 0.000000 -0.099903 -0.994997
vn 0.000002 -0.078590 -0.996907
vn 0.000002 -0.078591 -0.996907
vn 0.000002 0.063539 -0.997979
vn 0.000002 0.063539 -0.997979
vn -1.000000 -0.000000 -0.000000
vn -1.000000 -0.000000 -0.000000
vn -1.000000 -0.000000 -0.000000
vn -1.000000 -0.000000 -0.000000
vn 1.000000 -0.000000 0.000000
vn 1.000000 0.000000 0.000000
vn 1.000000 0.000000 0.000000
vn 1.000000 -0.000000 0.000000
vn -1.000000 0.000000 -0.000000
vn -1.000000 0.000000 -0.000000
vn 1.000000 0.000000 -0.000000
vn 1.000000 0.000000 -0.000000
vn -1.000000 -0.000000 0.000000
vn -1.000000 -0.000000 0.000000
vn 1.000000 -0.000000 -0.000000
vn 1.000000 -0.000000 -0.000000
vn -1.000000 -0.000000 0.000000
vn -1.000000 -0.000000 0.000000
vn 1.000000 -0.000000 -0.000000
vn 1.000000 -0.000000 -0.000000
vn -1.000000 -0.000000 -0.000000
vn -1.000000 -0.000000 0.000000
vn -1.000000 -0.000000 0.000000
vn -1.000000 -0.000000 -0.000000
vn 1.000000 -0.000000 -0.000000
vn 1.000000 -0.000000 -0.000000
vn 1.000000 -0.000000 -0.000000
vn 1.000000 -0.000000 -0.000000
vn -1.000000 -0.000000 0.000000
vn -1.000000 -0.000000 0.000000
vn 1.000000 0.000000 -0.000000
vn 1.000000 0.000000 -0.000000
vn -1.000000 -0.000000 0.000000
vn -1.000000 -0.000000 0.000000
vn 1.000000 -0.000000 -0.000000
vn 1.000000 -0.000000 -0.000000
vn 1.000000 -0.000000 -0.000001
vn 1.000000 -0.000000 -0.000001
vn -1.000000 0.000000 0.000000
vn -1.000000 0.000000 0.000000
vn 1.000000 0.000000 -0.000000
vn 1.000000 0.000000 -0.000000
vn 1.000000 0.000000 -0.000000
vn 1.000000 0.000000 -0.000000
vn -1.000000 0.000000 -0.000000
vn -1.000000 -0.000000 -0.000000
vn -1.000000 -0.000000 -0.000000
vn -1.000000 0.000000 -0.000000
vn -1.000000 0.000000 -0.000000
vn -1.000000 0.000000 -0.000000
vn 1.000000 0.000000 -0.000000
vn 1.000000 0.000000 -0.000000
vn 1.000000 0.000000 -0.000000
vn 1.000000 0.000000 -0.000000
vn -1.000000 0.000000 -0.000000
vn -1.000000 0.000000 -0.000000
vn 1.000000 0.000000 -0.000000
vn 1.000000 0.000000 -0.000000
vn -1.000000 0.000000 0.000000
vn -1.000000 0.000000 0.000000
vn -1.000000 0.000000 -0.000000
vn -1.000000 0.000000 -0.000000
vn 1.000000 -0.000000 -0.000000
vn 1.000000 -0.000000 -0.000000
vn 0.999733 0.022979 -0.002441
vn 0.999733 0.022983 -0.002442
vn -0.999733 0.022979 -0.002441
vn -0.999733 0.022983 -0.002442
vn -0.984671 0.174381 -0.003711
vn -0.984644 0.174533 -0.003706
vn 0.984644 0.174533 -0.003706
vn 0.984671 0.174381 -0.003711
vn 0.974130 0.225980 -0.002064
vn 0.974130 0.225980 -0.002064
vn -0.974130 0.225980 -0.002064
vn -0.974130 0.225980 -0.002064
vn 0.000000 0.997981 0.063510
vn 0.000000 0.997981 0.063510
vn 0.000000 0.997981 0.063510
vn 0.000000 0.997981 0.063510
vn 0.073444 0.966172 0.247222
vn 0.073444 0.966172 0.247222
vn 0.225406 0.893414 0.388592
vn 0.225406 0.893414 0.388592
vn 0.335535 0.807516 0.485113
vn 0.335535 0.807516 0.485113
vn 0.397140 0.744640 0.536461
vn 0.397140 0.744640 0.536461
vn 0.504129 0.601624 0.619598
vn 0.504129 0.601625 0.619598
vn 0.681032 0.145088 0.717736
vn 0.681032 0.145088 0.717736
vn 0.706388 -0.079843 0.703307
vn 0.706388 -0.079843 0.703307
vn 0.702001 -0.241544 0.669963
vn 0.702001 -0.241544 0.669963
vn 0.021801 0.980110 0.197255
vn 0.021801 0.980110 0.197255
vn -0.000002 0.984411 0.175884
vn -0.000002 0.984411 0.175884
vn 0.670211 -0.431703 0.603696
vn 0.670211 -0.431703 0.603696
vn 0.564309 -0.692444 0.449530
vn 0.564308 -0.692444 0.449530
vn 0.706702 -0.157629 0.689729
vn 0.706702 -0.157629 0.689729
vn 0.705962 -0.068165 0.704961
vn 0.705962 -0.068165 0.704961
vn 0.672427 -0.422772 0.607541
vn 0.672427 -0.422772 0.607541
vn 0.607684 0.396466 0.688139
vn 0.607684 0.396466 0.688139
vn 0.681195 0.144243 0.717752
vn 0.681195 0.144243 0.717752
vn 0.683781 0.130500 0.717923
vn 0.683781 0.130500 0.717923
vn 0.702580 -0.012354 0.711497
vn 0.702580 -0.012354 0.711497
vn -0.078725 -0.964447 -0.252277
vn -0.224915 -0.893731 -0.388147
vn -0.224915 -0.893731 -0.388147
vn -0.078725 -0.964447 -0.252277
vn -0.334561 -0.808415 -0.484287
vn -0.334561 -0.808415 -0.484287
vn -0.399820 -0.741623 -0.538647
vn -0.399820 -0.741623 -0.538647
vn -0.505662 -0.599181 -0.620716
vn -0.505662 -0.599181 -0.620716
vn -0.680361 -0.148527 -0.717669
vn -0.706294 0.077066 -0.703711
vn -0.706294 0.077066 -0.703711
vn -0.680361 -0.148527 -0.717669
vn -0.701574 0.246297 -0.668679
vn -0.701574 0.246297 -0.668679
vn -0.022086 -0.980049 -0.197527
vn -0.022086 -0.980049 -0.197527
vn -0.000001 -0.984413 -0.175872
vn -0.000001 -0.984413 -0.175872
vn -0.670776 0.429456 -0.604670
vn -0.586840 0.652402 -0.479573
vn -0.586840 0.652402 -0.479574
vn -0.670776 0.429456 -0.604671
vn -0.706824 0.152158 -0.690831
vn -0.706824 0.152158 -0.690831
vn -0.706047 0.070277 -0.704670
vn -0.706047 0.070277 -0.704670
vn -0.669283 0.435357 -0.602100
vn -0.669283 0.435358 -0.602100
vn -0.608111 -0.395393 -0.688379
vn -0.608111 -0.395393 -0.688379
vn -0.680179 -0.149454 -0.717649
vn -0.680179 -0.149454 -0.717649
vn -0.684159 -0.128432 -0.717936
vn -0.684159 -0.128432 -0.717936
vn -0.702580 0.012354 -0.711497
vn -0.702580 0.012354 -0.711497
vn -0.707106 -0.124362 0.696086
vn -0.707107 -0.124361 0.696085
vn -0.707107 -0.124361 0.696085
vn -0.707106 -0.124362 0.696086
vn 0.707106 0.124361 -0.696086
vn 0.707107 0.124361 -0.696085
vn 0.707107 0.124361 -0.696085
vn 0.707106 0.124361 -0.696086
vn -0.707106 -0.124362 0.696086
vn -0.707106 -0.124362 0.696086
vn 0.707107 0.124361 -0.696085
vn 0.707107 0.124361 -0.696085
vn -0.707108 -0.124361 0.696084
vn -0.707108 -0.124361 0.696084
vn 0.707106 0.124361 -0.696086
vn 0.707106 0.124361 -0.696086
vn -0.707109 -0.124360 0.696082
vn -0.707109 -0.124360 0.696082
vn 0.707108 0.124361 -0.696084
vn 0.707108 0.124361 -0.696084
vn -0.707108 -0.124362 0.696084
vn -0.707107 -0.124361 0.696085
vn -0.707107 -0.124361 0.696085
vn -0.707108 -0.124362 0.696084
vn 0.707106 0.124361 -0.696086
vn 0.707107 0.124361 -0.696084
vn 0.707107 0.124361 -0.696084
vn 0.707106 0.124361 -0.696086
vn -0.707107 -0.124363 0.696085
vn -0.707107 -0.124363 0.696085
vn 0.707106 0.124360 -0.696086
vn 0.707106 0.124360 -0.696086
vn -0.707107 -0.124362 0.696085
vn -0.707107 -0.124362 0.696085
vn 0.707107 0.124361 -0.696085
vn 0.707107 0.124361 -0.696085
vn 0.707108 0.124361 -0.696084
vn 0.707108 0.124361 -0.696084
vn -0.707106 -0.124363 0.696085
vn -0.707106 -0.124363 0.696085
vn 0.707106 0.124360 -0.696086
vn 0.707105 0.124362 -0.696086
vn 0.707105 0.124362 -0.696086
vn 0.707106 0.124360 -0.696086
vn -0.707107 -0.124362 0.696085
vn -0.707106 -0.124359 0.696086
vn -0.707106 -0.124359 0.696086
vn -0.707107 -0.124362 0.696085
vn -0.707106 -0.124362 0.696086
vn -0.707106 -0.124362 0.696086
vn 0.707106 0.124362 -0.696086
vn 0.707106 0.124362 -0.696086
vn 0.707106 0.124362 -0.696086
vn 0.707106 0.124362 -0.696086
vn -0.707106 -0.124361 0.696086
vn -0.707106 -0.124361 0.696086
vn 0.707106 0.124361 -0.696086
vn 0.707106 0.124361 -0.696086
vn -0.707107 -0.124362 0.696084
vn -0.707107 -0.124362 0.696084
vn -0.707107 -0.124359 0.696085
vn -0.707107 -0.124359 0.696085
vn 0.707106 0.124360 -0.696086
vn 0.707106 0.124360 -0.696086
vn 0.702359 0.146975 -0.696484
vn 0.702358 0.146979 -0.696484
vn -0.711475 -0.101681 0.695316
vn -0.711475 -0.101677 0.695316
vn -0.720537 0.050158 0.691600
vn -0.720534 0.050312 0.691592
vn 0.671963 0.295215 -0.679201
vn 0.671997 0.295068 -0.679231
vn 0.659274 0.344972 -0.668096
vn 0.659274 0.344972 -0.668096
vn -0.718354 0.102684 0.688058
vn -0.718354 0.102684 0.688058
vn -0.079901 0.992160 0.096099
vn -0.079901 0.992160 0.096099
vn -0.079901 0.992160 0.096099
vn -0.079901 0.992160 0.096099
vn 0.103865 0.979088 0.174923
vn 0.103865 0.979088 0.174923
vn 0.318772 0.933057 0.166698
vn 0.318772 0.933057 0.166698
vn 0.474519 0.866525 0.154812
vn 0.474519 0.866525 0.154812
vn 0.561640 0.814485 0.145513
vn 0.561640 0.814485 0.145513
vn 0.712947 0.690288 0.123325
vn 0.712947 0.690288 0.123325
vn 0.963124 0.264865 0.047320
vn 0.963124 0.264865 0.047320
vn 0.998983 0.044392 0.007931
vn 0.998983 0.044392 0.007931
vn 0.992780 -0.118081 -0.021096
vn 0.992780 -0.118081 -0.021096
vn 0.030833 0.983945 0.175790
vn 0.030833 0.983945 0.175790
vn -0.000000 0.984413 0.175873
vn -0.000000 0.984413 0.175873
vn 0.947822 -0.313832 -0.056069
vn 0.947822 -0.313832 -0.056069
vn 0.798050 -0.593198 -0.105980
vn 0.798050 -0.593198 -0.105980
vn 0.999426 -0.033338 -0.005956
vn 0.999426 -0.033338 -0.005956
vn 0.998381 0.055995 0.010004
vn 0.998381 0.055995 0.010004
vn 0.950955 -0.304508 -0.054403
vn 0.950955 -0.304509 -0.054403
vn 0.859396 0.503340 0.089926
vn 0.859396 0.503341 0.089926
vn 0.963355 0.264048 0.047174
vn 0.963355 0.264048 0.047174
vn 0.967012 0.250759 0.044800
vn 0.967012 0.250759 0.044800
vn 0.993598 0.111211 0.019869
vn 0.993598 0.111211 0.019869
vn -0.111333 -0.978293 -0.174779
vn -0.318077 -0.933287 -0.166740
vn -0.318077 -0.933287 -0.166740
vn -0.111333 -0.978293 -0.174779
vn -0.473139 -0.867256 -0.154942
vn -0.473139 -0.867256 -0.154942
vn -0.565429 -0.811941 -0.145060
vn -0.565429 -0.811941 -0.145060
vn -0.715113 -0.688114 -0.122937
vn -0.715113 -0.688114 -0.122937
vn -0.962176 -0.268183 -0.047913
vn -0.998852 -0.047151 -0.008424
vn -0.998852 -0.047151 -0.008424
vn -0.962176 -0.268183 -0.047913
vn -0.992175 0.122908 0.021958
vn -0.992175 0.122908 0.021958
vn -0.031232 -0.983933 -0.175786
vn -0.031232 -0.983933 -0.175786
vn 0.000003 -0.984413 -0.175874
vn 0.000003 -0.984413 -0.175874
vn -0.948621 0.311483 0.055649
vn -0.829916 0.549193 0.098118
vn -0.829916 0.549193 0.098118
vn -0.948621 0.311483 0.055649
vn -0.999600 0.027846 0.004975
vn -0.999600 0.027846 0.004975
vn -0.998500 -0.053898 -0.009629
vn -0.998500 -0.053898 -0.009629
vn -0.946509 0.317648 0.056751
vn -0.946509 0.317648 0.056751
vn -0.859998 -0.502343 -0.089748
vn -0.859998 -0.502343 -0.089747
vn -0.961918 -0.269079 -0.048073
vn -0.961918 -0.269079 -0.048073
vn -0.967546 -0.248756 -0.044442
vn -0.967546 -0.248756 -0.044442
vn -0.993598 -0.111211 -0.019870
vn -0.993598 -0.111211 -0.019870
vn 0.000001 -0.175874 0.984413
vn -0.000000 -0.175873 0.984413
vn -0.000000 -0.175873 0.984413
vn 0.000001 -0.175874 0.984413
vn 0.000000 0.175872 -0.984413
vn 0.000001 0.175874 -0.984413
vn 0.000001 0.175874 -0.984413
vn 0.000000 0.175872 -0.984413
vn 0.000002 -0.175874 0.984413
vn 0.000002 -0.175874 0.984413
vn 0.000001 0.175875 -0.984413
vn 0.000001 0.175875 -0.984413
vn 0.000000 -0.175872 0.984413
vn 0.000000 -0.175872 0.984413
vn 0.000000 0.175875 -0.984413
vn 0.000000 0.175875 -0.984413
vn -0.000001 -0.175872 0.984413
vn -0.000001 -0.175872 0.984413
vn -0.000001 0.175874 -0.984413
vn -0.000001 0.175874 -0.984413
vn -0.000003 -0.175872 0.984413
vn -0.000002 -0.175874 0.984413
vn -0.000002 -0.175874 0.984413
vn -0.000003 -0.175872 0.984413
vn -0.000000 0.175872 -0.984413
vn -0.000000 0.175873 -0.984413
vn -0.000000 0.175873 -0.984413
vn -0.000000 0.175872 -0.984413
vn -0.000000 -0.175870 0.984413
vn -0.000000 -0.175870 0.984413
vn 0.000000 0.175873 -0.984413
vn 0.000000 0.175873 -0.984413
vn -0.000000 -0.175873 0.984413
vn -0.000000 -0.175873 0.984413
vn -0.000001 0.175873 -0.984413
vn -0.000001 0.175873 -0.984413
vn -0.000003 0.175874 -0.984413
vn -0.000003 0.175874 -0.984413
vn -0.000001 -0.175873 0.984413
vn -0.000001 -0.175873 0.984413
vn 0.000001 0.175876 -0.984412
vn -0.000001 0.175874 -0.984413
vn -0.000001 0.175874 -0.984413
vn 0.000001 0.175876 -0.984412
vn 0.000000 -0.175875 0.984413
vn 0.000001 -0.175876 0.984412
vn 0.000001 -0.175876 0.984412
vn 0.000000 -0.175875 0.984413
vn -0.000002 -0.175874 0.984413
vn -0.000002 -0.175874 0.984413
vn 0.000001 0.175873 -0.984413
vn 0.000001 0.175873 -0.984413
vn 0.000002 0.175874 -0.984413
vn 0.000002 0.175874 -0.984413
vn -0.000002 -0.175874 0.984413
vn -0.000002 -0.175874 0.984413
vn 0.000001 0.175875 -0.984412
vn 0.000001 0.175875 -0.984412
vn -0.000000 -0.175876 0.984412
vn -0.000000 -0.175875 0.984412
vn -0.000002 -0.175873 0.984413
vn -0.000002 -0.175873 0.984413
vn -0.000000 0.175872 -0.984413
vn -0.000000 0.175872 -0.984413
vn -0.006443 0.197673 -0.980247
vn -0.006444 0.197677 -0.980246
vn -0.006447 -0.153983 0.988053
vn -0.006448 -0.153979 0.988053
vn -0.034323 -0.004833 0.999399
vn -0.034345 -0.004680 0.999399
vn -0.034344 0.341666 -0.939194
vn -0.034322 0.341523 -0.939247
vn -0.041775 0.389958 -0.919885
vn -0.041775 0.389958 -0.919885
vn -0.041776 0.047309 0.998006
vn -0.041776 0.047309 0.998006
vn -0.112997 0.978109 0.174743
vn -0.112997 0.978109 0.174743
vn -0.112997 0.978109 0.174743
vn -0.112997 0.978109 0.174743
vn -0.628409 -0.777883 -0.000050
vn 0.628409 -0.777883 -0.000050
vn 0.628378 -0.777908 -0.000050
vn -0.628378 -0.777908 -0.000050
vn 0.000000 1.000000 -0.000063
vn -0.628409 0.777883 -0.000049
vn -0.628379 0.777908 -0.000049
vn 0.000000 1.000000 -0.000063
vn 1.000000 0.000000 0.000000
vn 1.000000 0.000000 0.000000
vn -0.073444 0.966171 0.247223
vn -0.073444 0.966171 0.247223
vn -0.225406 0.893414 0.388592
vn -0.225406 0.893414 0.388592
vn -0.335534 0.807513 0.485119
vn -0.335534 0.807513 0.485119
vn -0.397139 0.744638 0.536466
vn -0.397139 0.744637 0.536466
vn -0.504129 0.601624 0.619599
vn -0.504129 0.601624 0.619599
vn -0.681032 0.145088 0.717735
vn -0.681032 0.145088 0.717736
vn -0.706389 -0.079843 0.703307
vn -0.706389 -0.079843 0.703307
vn -0.702002 -0.241544 0.669963
vn -0.702002 -0.241544 0.669963
vn -0.021801 0.980110 0.197255
vn -0.021801 0.980110 0.197255
vn 0.000002 0.984412 0.175876
vn 0.000002 0.984412 0.175876
vn -0.670211 -0.431704 0.603696
vn -0.670211 -0.431704 0.603696
vn -0.564307 -0.692445 0.449531
vn -0.564307 -0.692445 0.449531
vn -0.706702 -0.157628 0.689729
vn -0.706702 -0.157628 0.689729
vn -0.705962 -0.068165 0.704961
vn -0.705962 -0.068165 0.704961
vn -0.672425 -0.422772 0.607543
vn -0.672425 -0.422772 0.607543
vn -0.607684 0.396466 0.688138
vn -0.607684 0.396466 0.688138
vn -0.681196 0.144244 0.717751
vn -0.681196 0.144244 0.717751
vn -0.683782 0.130501 0.717922
vn -0.683782 0.130501 0.717922
vn -0.702580 -0.012354 0.711498
vn -0.702580 -0.012354 0.711498
vn 0.078725 -0.964448 -0.252275
vn 0.224915 -0.893731 -0.388147
vn 0.224915 -0.893731 -0.388147
vn 0.078725 -0.964448 -0.252275
vn 0.334560 -0.808415 -0.484287
vn 0.334561 -0.808415 -0.484287
vn 0.399819 -0.741623 -0.538647
vn 0.399819 -0.741623 -0.538647
vn 0.505662 -0.599181 -0.620716
vn 0.505662 -0.599181 -0.620716
vn 0.680362 -0.148526 -0.717669
vn 0.706294 0.077067 -0.703711
vn 0.706294 0.077067 -0.703711
vn 0.680362 -0.148525 -0.717669
vn 0.701573 0.246295 -0.668680
vn 0.701574 0.246294 -0.668680
vn 0.022086 -0.980049 -0.197526
vn 0.022086 -0.980049 -0.197526
vn 0.000001 -0.984413 -0.175874
vn 0.000001 -0.984413 -0.175874
vn 0.670775 0.429455 -0.604673
vn 0.586838 0.652402 -0.479575
vn 0.586838 0.652402 -0.479575
vn 0.670775 0.429455 -0.604673
vn 0.706824 0.152158 -0.690832
vn 0.706824 0.152158 -0.690832
vn 0.706047 0.070277 -0.704670
vn 0.706046 0.070277 -0.704670
vn 0.669283 0.435359 -0.602099
vn 0.669283 0.435358 -0.602099
vn 0.608111 -0.395393 -0.688379
vn 0.608111 -0.395393 -0.688379
vn 0.680179 -0.149454 -0.717649
vn 0.680179 -0.149454 -0.717649
vn 0.684158 -0.128431 -0.717937
vn 0.684158 -0.128431 -0.717937
vn 0.702579 0.012355 -0.711498
vn 0.702579 0.012355 -0.711498
vn -0.707106 0.124361 -0.696086
vn -0.707106 0.124361 -0.696086
vn -0.707106 0.124361 -0.696086
vn -0.707106 0.124361 -0.696086
vn 0.707107 -0.124361 0.696085
vn 0.707106 -0.124362 0.696086
vn 0.707106 -0.124362 0.696085
vn 0.707107 -0.124361 0.696085
vn -0.707106 0.124361 -0.696086
vn -0.707106 0.124361 -0.696086
vn 0.707107 -0.124363 0.696084
vn 0.707107 -0.124363 0.696084
vn -0.707107 0.124361 -0.696085
vn -0.707107 0.124361 -0.696085
vn 0.707109 -0.124362 0.696083
vn 0.707109 -0.124362 0.696083
vn -0.707107 0.124360 -0.696085
vn -0.707107 0.124360 -0.696085
vn 0.707109 -0.124362 0.696082
vn 0.707109 -0.124362 0.696082
vn -0.707105 0.124362 -0.696086
vn -0.707105 0.124362 -0.696087
vn -0.707105 0.124362 -0.696087
vn -0.707105 0.124362 -0.696086
vn 0.707105 -0.124361 0.696086
vn 0.707107 -0.124361 0.696084
vn 0.707107 -0.124361 0.696084
vn 0.707105 -0.124361 0.696086
vn -0.707106 0.124361 -0.696085
vn -0.707106 0.124361 -0.696085
vn 0.707106 -0.124359 0.696086
vn 0.707106 -0.124359 0.696086
vn -0.707105 0.124360 -0.696087
vn -0.707105 0.124360 -0.696087
vn 0.707108 -0.124362 0.696084
vn 0.707108 -0.124362 0.696084
vn 0.707107 -0.124364 0.696084
vn 0.707107 -0.124364 0.696084
vn -0.707105 0.124361 -0.696086
vn -0.707105 0.124361 -0.696086
vn 0.707108 -0.124361 0.696084
vn 0.707107 -0.124362 0.696084
vn 0.707107 -0.124362 0.696084
vn 0.707108 -0.124361 0.696084
vn -0.707106 0.124361 -0.696085
vn -0.707106 0.124361 -0.696086
vn -0.707106 0.124361 -0.696086
vn -0.707106 0.124361 -0.696085
vn -0.707107 0.124361 -0.696085
vn -0.707107 0.124361 -0.696085
vn 0.707106 -0.124361 0.696086
vn 0.707106 -0.124361 0.696086
vn 0.707106 -0.124361 0.696086
vn 0.707106 -0.124361 0.696086
vn -0.707106 0.124361 -0.696085
vn -0.707106 0.124361 -0.696086
vn 0.707106 -0.124361 0.696086
vn 0.707106 -0.124361 0.696086
vn -0.707107 0.124362 -0.696084
vn -0.707107 0.124362 -0.696084
vn -0.707107 0.124359 -0.696085
vn -0.707107 0.124359 -0.696085
vn 0.707106 -0.124361 0.696086
vn 0.707106 -0.124361 0.696086
vn 0.711475 -0.101682 0.695316
vn 0.711476 -0.101677 0.695316
vn -0.702360 0.146975 -0.696483
vn -0.702359 0.146979 -0.696483
vn -0.671996 0.295068 -0.679232
vn -0.671962 0.295215 -0.679202
vn 0.720534 0.050312 0.691592
vn 0.720537 0.050158 0.691600
vn 0.718353 0.102683 0.688059
vn 0.718353 0.102683 0.688059
vn -0.659272 0.344972 -0.668098
vn -0.659272 0.344972 -0.668098
vn 0.079901 0.992160 0.096094
vn 0.079901 0.992160 0.096094
vn 0.079901 0.992160 0.096094
vn 0.079901 0.992160 0.096094
vn 0.000000 0.000000 1.000000
vn 0.000000 0.000000 1.000000
vn 0.000000 0.000000 1.000000
vn 0.000000 0.000000 1.000000
vn 0.000000 1.000000 0.000000
vn -1.000000 0.000000 0.000000
vn -1.000000 0.000000 0.000000
vn 0.000000 1.000000 0.000000
vn 0.000000 -1.000000 0.000000
vn 0.000000 -1.000000 0.000000
vn 0.707107 -0.707107 0.000000
vn 0.707107 -0.707107 0.000000
vn 0.707107 0.707107 0.000000
vn 0.707107 0.707107 0.000000
vn 0.000000 0.076362 0.997080
vn 0.000000 0.293605 0.955927
vn 0.000000 0.293605 0.955927
vn 0.000000 0.076362 0.997080
vn 0.000000 0.000000 1.000000
vn 0.000000 0.000000 1.000000
vn 0.000000 0.013254 0.999912
vn 0.000000 0.013254 0.999912
vn 0.000000 0.353809 0.935318
vn 0.000000 0.353809 0.935318
vn 0.000000 0.174601 0.984639
vn 0.000000 0.174601 0.984639
vn 0.000000 0.000000 1.000000
vn 0.000000 0.000000 1.000000
vn 0.000000 -0.076840 -0.997043
vn 0.000000 -0.303626 -0.952791
vn 0.000000 -0.303626 -0.952791
vn 0.000000 -0.076840 -0.997043
vn 0.000000 0.000000 -1.000000
vn 0.000000 0.000000 -1.000000
vn 0.000000 -0.013292 -0.999912
vn 0.000000 -0.013292 -0.999912
vn 0.000000 -0.353520 -0.935427
vn 0.000000 -0.353520 -0.935427
vn 0.000000 -0.167187 -0.985925
vn 0.000000 -0.167187 -0.985925
vn 0.000000 0.000000 -1.000000
vn 0.000000 0.000000 -1.000000
vn 1.000000 -0.000000 0.000000
vn 1.000000 -0.000000 0.000000
vn 1.000000 -0.000000 0.000000
vn 1.000000 -0.000000 0.000000
vn -1.000000 0.000000 0.000000
vn -1.000000 0.000000 0.000000
vn -1.000000 0.000000 0.000000
vn -1.000000 0.000000 0.000000
vn 1.000000 0.000000 0.000000
vn 1.000000 0.000000 0.000000
vn -1.000000 0.000000 0.000000
vn -1.000000 0.000000 0.000000
vn 1.000000 0.000000 0.000000
vn 1.000000 0.000000 0.000000
vn -1.000000 -0.000000 0.000000
vn -1.000000 -0.000000 0.000000
vn 1.000000 0.000000 0.000000
vn 1.000000 0.000000 0.000000
vn -1.000000 0.000000 0.000000
vn -1.000000 0.000000 0.000000
vn 1.000000 0.000000 0.000000
vn 1.000000 0.000000 0.000000
vn 1.000000 0.000000 0.000000
vn 1.000000 0.000000 0.000000
vn 0.000000 1.000000 0.000000
vn 0.000000 1.000000 0.000000
vn 0.000000 1.000000 0.000000
vn 0.000000 1.000000 0.000000
vn -1.000000 0.000000 0.000000
vn -1.000000 0.000000 0.000000
vn -1.000000 0.000000 0.000000
vn -1.000000 0.000000 0.000000
vn 1.000000 -0.000000 0.000000
vn 1.000000 -0.000000 0.000000
vn 1.000000 0.000000 0.000000
vn 1.000000 0.000000 0.000000
vn 1.000000 0.000000 0.000000
vn 1.000000 0.000000 0.000000
vn 1.000000 0.000000 0.000000
vn 1.000000 0.000000 0.000000
vn -1.000000 0.000000 0.000000
vn -1.000000 0.000000 0.000000
vn -1.000000 0.000000 0.000000
vn -1.000000 0.000000 0.000000
vn -1.000000 -0.000000 0.000000
vn -1.000000 0.000000 0.000000
vn -1.000000 0.000000 0.000000
vn -1.000000 -0.000000 0.000000
vn 1.000000 -0.000000 0.000000
vn 1.000000 -0.000000 0.000000
vn -1.000000 0.000000 0.000000
vn -1.000000 0.000000 0.000000
vn -1.000000 -0.000000 0.000000
vn -1.000000 -0.000000 0.000000
vn 1.000000 0.000000 0.000000
vn 1.000000 0.000000 0.000000
vn 0.000000 -0.293605 0.955927
vn 0.000000 0.000000 1.000000
vn 0.000000 0.000000 1.000000
vn 0.000000 -0.293605 0.955927
vn 0.000000 -0.076362 0.997080
vn 0.000000 -0.076362 0.997080
vn 0.000000 -0.013254 0.999912
vn 0.000000 -0.013254 0.999912
vn 0.000000 -0.353808 0.935318
vn 0.000000 -0.353808 0.935318
vn 0.000000 -0.174601 0.984639
vn 0.000000 -0.174601 0.984639
vn 0.000000 -1.000000 0.000000
vn 0.000000 -1.000000 0.000000
vn 0.000000 -1.000000 0.000000
vn 0.000000 -1.000000 0.000000
vn 0.000000 0.167187 -0.985925
vn 0.000000 0.167187 -0.985925
vn 0.000000 0.353522 -0.935426
vn 0.000000 0.353522 -0.935426
vn 0.000000 0.013292 -0.999912
vn 0.000000 0.013292 -0.999912
vn 0.000000 0.076840 -0.997043
vn 0.000000 0.076840 -0.997043
vn 0.000000 0.303626 -0.952791
vn 0.000000 0.303626 -0.952791
vn 0.000000 0.000000 -1.000000
vn 0.000000 0.000000 -1.000000
vn 0.000000 0.000000 1.000000
vn 0.000000 0.000000 1.000000
vn -1.000000 0.000000 0.000000
vn -1.000000 0.000000 0.000000
vn 0.000000 0.000000 -1.000000
vn 0.000000 0.000000 -1.000000
vn 1.000000 0.000000 0.000000
vn 1.000000 0.000000 0.000000
vn 0.526051 -0.680673 -0.509858
vn 0.381075 -0.657253 -0.650231
vn 0.440805 -0.544491 -0.713597
vn 0.607197 -0.572941 -0.550500
vn 0.200936 -0.639130 -0.742387
vn 0.231931 -0.524990 -0.818898
vn 0.273185 -0.312262 -0.909869
vn 0.519681 -0.334160 -0.786301
vn 0.715202 -0.368742 -0.593731
vn 0.000003 -0.635476 -0.772121
vn 0.000002 -0.519301 -0.854591
vn -0.112671 -0.631429 -0.767204
vn -0.120083 -0.515146 -0.848649
vn -0.135206 -0.301363 -0.943875
vn 0.000000 -0.304463 -0.952524
vn -0.287499 -0.641420 -0.711284
vn -0.381078 -0.657252 -0.650230
vn -0.440807 -0.544490 -0.713596
vn -0.340650 -0.527750 -0.778099
vn -0.526051 -0.680672 -0.509858
vn -0.607197 -0.572940 -0.550501
vn -0.715202 -0.368740 -0.593731
vn -0.519682 -0.334158 -0.786301
vn -0.405616 -0.316814 -0.857383
vn -0.616591 -0.714263 -0.331126
vn -0.713234 -0.610437 -0.344475
vn -0.650235 -0.747891 -0.133617
vn -0.750537 -0.650529 -0.116222
vn -0.884038 -0.460129 -0.082206
vn -0.840858 -0.411905 -0.351130
vn -0.616591 -0.784734 0.063318
vn -0.713234 -0.691953 0.111792
vn -0.526051 -0.815109 0.242624
vn -0.607197 -0.728116 0.318056
vn -0.715202 -0.551517 0.429320
vn -0.840858 -0.508007 0.186780
vn -0.381077 -0.841744 0.382423
vn -0.440806 -0.757900 0.480914
vn -0.200936 -0.856654 0.475152
vn -0.231931 -0.776068 0.586453
vn -0.273186 -0.607998 0.745458
vn -0.519682 -0.585754 0.621951
vn 0.000000 -0.863522 0.504311
vn 0.000000 -0.783091 0.621907
vn 0.200936 -0.856654 0.475151
vn 0.231932 -0.776068 0.586452
vn 0.273188 -0.607998 0.745458
vn 0.000000 -0.615452 0.788175
vn 0.381077 -0.841744 0.382423
vn 0.440806 -0.757900 0.480914
vn 0.526051 -0.815109 0.242625
vn 0.607197 -0.728115 0.318056
vn 0.715202 -0.551517 0.429319
vn 0.519682 -0.585754 0.621951
vn 0.616592 -0.784733 0.063318
vn 0.713235 -0.691953 0.111791
vn 0.650236 -0.747890 -0.133617
vn 0.750537 -0.650527 -0.116222
vn 0.884038 -0.460130 -0.082206
vn 0.840858 -0.508007 0.186778
vn 0.616592 -0.714262 -0.331125
vn 0.713235 -0.610437 -0.344474
vn 0.840858 -0.411906 -0.351128
vn 0.570635 -0.097948 -0.815341
vn 0.785382 -0.135852 -0.603920
vn 0.299992 -0.073830 -0.951081
vn 0.309019 0.167266 -0.936231
vn 0.587789 0.142285 -0.796404
vn 0.809017 0.103377 -0.578623
vn -0.000002 -0.065338 -0.997863
vn -0.148166 -0.064459 -0.986860
vn -0.152512 0.173817 -0.972897
vn -0.000002 0.175875 -0.984413
vn -0.570636 -0.097945 -0.815342
vn -0.444494 -0.081392 -0.892076
vn -0.785382 -0.135850 -0.603921
vn -0.809017 0.103377 -0.578624
vn -0.587788 0.142285 -0.796404
vn -0.457532 0.156386 -0.875333
vn -0.923302 -0.183316 -0.337503
vn -0.970786 -0.236207 -0.042200
vn -1.000000 0.000000 -0.000000
vn -0.951055 0.054349 -0.304204
vn -0.923302 -0.288841 0.253149
vn -0.785382 -0.336563 0.519519
vn -0.809017 -0.103377 0.578624
vn -0.951056 -0.054349 0.304203
vn -0.570636 -0.374212 0.730986
vn -0.299993 -0.398587 0.866679
vn -0.309020 -0.167267 0.936231
vn -0.587789 -0.142285 0.796404
vn 0.000001 -0.406821 0.913508
vn 0.299994 -0.398586 0.866679
vn 0.309022 -0.167267 0.936230
vn 0.000002 -0.175875 0.984413
vn 0.570635 -0.374212 0.730987
vn 0.785382 -0.336564 0.519518
vn 0.809017 -0.103377 0.578624
vn 0.587787 -0.142286 0.796405
vn 0.923302 -0.288842 0.253146
vn 0.970785 -0.236209 -0.042201
vn 1.000000 -0.000000 0.000000
vn 0.951056 -0.054348 0.304201
vn 0.923302 -0.183318 -0.337501
vn 0.951056 0.054348 -0.304201
vn 0.574161 0.349733 -0.740288
vn 0.790235 0.311865 -0.527512
vn 0.301845 0.374272 -0.876818
vn 0.282377 0.552714 -0.784073
vn 0.537161 0.529708 -0.656405
vn 0.739269 0.494328 -0.457298
vn -0.000002 0.382543 -0.923938
vn -0.149059 0.378163 -0.913660
vn -0.139659 0.554702 -0.820245
vn -0.000000 0.560406 -0.828218
vn -0.574161 0.349730 -0.740289
vn -0.447174 0.361126 -0.818305
vn -0.790235 0.311862 -0.527514
vn -0.739268 0.494328 -0.457299
vn -0.537162 0.529706 -0.656406
vn -0.418975 0.538738 -0.730904
vn -0.929006 0.263834 -0.259499
vn -0.976784 0.210888 0.037677
vn -0.913785 0.399866 0.071440
vn -0.869142 0.449344 -0.206595
vn -0.929006 0.157657 0.334802
vn -0.790235 0.109912 0.602867
vn -0.739268 0.305401 0.600177
vn -0.869143 0.350009 0.349406
vn -0.574161 0.071761 0.815592
vn -0.301846 0.047507 0.952172
vn -0.282378 0.247025 0.926953
vn -0.537163 0.269648 0.799216
vn 0.000002 0.038950 0.999241
vn 0.301847 0.047505 0.952172
vn 0.282378 0.247024 0.926953
vn 0.000001 0.238955 0.971031
vn 0.574159 0.071760 0.815593
vn 0.790235 0.109913 0.602867
vn 0.739269 0.305402 0.600176
vn 0.537162 0.269648 0.799217
vn 0.929006 0.157659 0.334800
vn 0.976783 0.210890 0.037677
vn 0.913785 0.399867 0.071440
vn 0.869143 0.350010 0.349404
vn 0.929006 0.263835 -0.259496
vn 0.869143 0.449344 -0.206593
vn 0.453526 0.735997 -0.502616
vn 0.624185 0.706030 -0.334538
vn 0.238418 0.755327 -0.610440
vn 0.191886 0.875493 -0.443500
vn 0.365272 0.859673 -0.357126
vn 0.502366 0.835818 -0.221444
vn 0.000001 0.761917 -0.647674
vn -0.118284 0.756224 -0.643533
vn -0.095458 0.876529 -0.471788
vn 0.000000 0.880549 -0.473954
vn -0.453526 0.735997 -0.502615
vn -0.354850 0.742701 -0.567870
vn -0.624184 0.706030 -0.334538
vn -0.502366 0.835818 -0.221444
vn -0.365273 0.859673 -0.357126
vn -0.286377 0.865616 -0.410728
vn -0.733820 0.668146 -0.122838
vn -0.771532 0.626274 0.111889
vn -0.620956 0.771627 0.137858
vn -0.591023 0.805025 -0.051249
vn -0.733821 0.584277 0.346594
vn -0.624185 0.546513 0.558317
vn -0.502365 0.707433 0.497159
vn -0.591022 0.737479 0.326830
vn -0.453527 0.516427 0.726372
vn -0.238418 0.497227 0.834220
vn -0.191886 0.667765 0.719215
vn -0.365271 0.682830 0.632708
vn 0.000000 0.490517 0.871431
vn 0.238417 0.497226 0.834220
vn 0.191885 0.667764 0.719216
vn -0.000000 0.661962 0.749538
vn 0.453527 0.516427 0.726372
vn 0.624185 0.546513 0.558316
vn 0.502366 0.707434 0.497158
vn 0.365271 0.682830 0.632708
vn 0.733822 0.584276 0.346593
vn 0.771534 0.626272 0.111889
vn 0.620959 0.771625 0.137858
vn 0.591024 0.737477 0.326831
vn 0.733822 0.668144 -0.122837
vn 0.591024 0.805024 -0.051249
vn 0.132425 -0.817766 -0.560109
vn 0.246251 -0.834248 -0.493346
vn 0.203280 -0.874462 -0.440447
vn 0.088299 -0.895578 -0.436054
vn 0.346687 -0.845144 -0.406865
vn 0.231164 -0.913834 -0.333874
vn 0.000000 -0.984413 -0.175874
vn -0.132424 -0.817767 -0.560108
vn 0.000001 -0.820177 -0.572110
vn 0.000001 -0.862846 -0.505467
vn -0.088298 -0.895579 -0.436053
vn -0.346688 -0.845144 -0.406864
vn -0.246252 -0.834248 -0.493345
vn -0.203280 -0.874462 -0.440447
vn -0.231165 -0.913833 -0.333874
vn -0.428529 -0.889444 -0.158906
vn -0.398441 -0.871089 -0.287140
vn -0.328911 -0.904873 -0.270227
vn -0.285734 -0.943372 -0.168541
vn -0.346688 -0.933744 0.089050
vn -0.398441 -0.916627 -0.032250
vn -0.328910 -0.942465 -0.059816
vn -0.231164 -0.972909 -0.003209
vn -0.132424 -0.961123 0.242296
vn -0.246251 -0.953467 0.173955
vn -0.203280 -0.972876 0.110405
vn -0.088297 -0.991165 0.098971
vn 0.132425 -0.961123 0.242295
vn 0.000001 -0.967540 0.252719
vn 0.000001 -0.984493 0.175425
vn 0.088298 -0.991165 0.098971
vn 0.346688 -0.933744 0.089052
vn 0.246251 -0.953467 0.173957
vn 0.203279 -0.972876 0.110406
vn 0.231164 -0.972910 -0.003208
vn 0.428530 -0.889444 -0.158906
vn 0.398441 -0.916627 -0.032250
vn 0.328910 -0.942465 -0.059816
vn 0.285733 -0.943372 -0.168541
vn 0.398441 -0.871089 -0.287140
vn 0.328910 -0.904873 -0.270226
vn -0.043507 0.951057 0.305937
vn 0.000000 0.949790 0.312887
vn -0.000000 0.949790 0.312887
vn -0.043507 0.951057 0.305937
vn 0.043506 0.951057 0.305937
vn 0.043506 0.951057 0.305937
vn -0.113905 0.960053 0.255587
vn -0.082859 0.954525 0.286385
vn -0.082859 0.954525 0.286385
vn -0.113905 0.960053 0.255587
vn -0.140793 0.974607 0.174122
vn -0.134069 0.966921 0.217000
vn -0.134069 0.966921 0.217000
vn -0.140793 0.974607 0.174123
vn -0.113904 0.989162 0.092655
vn -0.134068 0.982244 0.131235
vn -0.134068 0.982244 0.131235
vn -0.113904 0.989162 0.092655
vn -0.043507 0.998157 0.042307
vn -0.082858 0.994640 0.061849
vn -0.082858 0.994640 0.061849
vn -0.043507 0.998157 0.042307
vn 0.043507 0.998157 0.042306
vn 0.000000 0.999375 0.035347
vn -0.000000 0.999375 0.035347
vn 0.043507 0.998157 0.042306
vn 0.113904 0.989162 0.092656
vn 0.082858 0.994640 0.061849
vn 0.082858 0.994640 0.061849
vn 0.113904 0.989162 0.092656
vn 0.140793 0.974607 0.174122
vn 0.134068 0.982244 0.131236
vn 0.134069 0.982244 0.131236
vn 0.140793 0.974607 0.174122
vn 0.134069 0.966922 0.216998
vn 0.134069 0.966922 0.216999
vn 0.082858 0.954525 0.286386
vn 0.082858 0.954525 0.286386
vn 0.113906 0.960052 0.255588
vn 0.113906 0.960052 0.255588
vn -0.308845 -0.199180 0.930023
vn 0.000001 -0.207742 0.978184
vn 0.000001 -0.211960 0.977278
vn -0.308799 -0.203404 0.929123
vn 0.308845 -0.199180 0.930023
vn 0.308799 -0.203404 0.929123
vn -0.808591 -0.135323 0.572598
vn -0.587467 -0.174172 0.790282
vn -0.587379 -0.178395 0.789405
vn -0.808470 -0.139557 0.571752
vn -0.999471 -0.032002 -0.005718
vn -0.950558 -0.086279 0.298320
vn -0.950416 -0.090515 0.297516
vn -0.999322 -0.036251 -0.006477
vn -0.808592 0.071318 -0.584032
vn -0.950558 0.022356 -0.309741
vn -0.950416 0.018104 -0.310455
vn -0.808470 0.067054 -0.584705
vn -0.457281 0.124718 -0.880534
vn -0.587470 0.110249 -0.801701
vn -0.587383 0.105983 -0.802340
vn -0.457215 0.120501 -0.881155
vn 0.308849 0.135175 -0.941456
vn -0.000001 0.143819 -0.989604
vn -0.000001 0.139549 -0.990215
vn 0.308803 0.130902 -0.942075
vn -0.152432 0.142138 -0.978040
vn -0.152411 0.137919 -0.978647
vn 0.808589 0.071319 -0.584035
vn 0.587469 0.110249 -0.801701
vn 0.587382 0.105984 -0.802340
vn 0.808468 0.067055 -0.584708
vn 0.999472 -0.032002 -0.005718
vn 0.950557 0.022357 -0.309745
vn 0.950415 0.018105 -0.310458
vn 0.999322 -0.036251 -0.006477
vn 0.950415 -0.090516 0.297520
vn 0.808467 -0.139557 0.571756
vn 0.808589 -0.135324 0.572601
vn 0.950557 -0.086280 0.298324
vn 0.587466 -0.174172 0.790283
vn 0.587378 -0.178395 0.789406
vn -0.000000 0.984413 0.175873
vn 0.008947 0.984373 0.175867
vn 0.004109 0.986658 0.162756
vn 0.012039 0.985841 0.167249
vn 0.013927 0.984281 0.176062
vn 0.002763 0.985870 0.167491
vn 0.002765 0.982877 0.184242
vn 0.013927 0.984353 0.175659
vn 0.012037 0.982766 0.184464
vn 0.004109 0.981978 0.188952
vn -0.007237 0.983449 0.181042
vn 0.004499 0.982000 0.188830
vn -0.004597 0.981815 0.189784
vn -0.011387 0.982906 0.183754
vn -0.308994 -0.177112 0.934427
vn 0.000001 -0.185707 0.982605
vn 0.000001 -0.185707 0.982605
vn -0.308994 -0.177112 0.934427
vn 0.308994 -0.177112 0.934427
vn 0.308994 -0.177112 0.934427
vn 0.587746 -0.152120 0.794615
vn 0.587746 -0.152120 0.794616
vn 0.808976 -0.113224 0.576835
vn 0.808976 -0.113224 0.576835
vn -0.999950 -0.009853 -0.001761
vn -0.951012 -0.064183 0.302417
vn -0.951012 -0.064183 0.302417
vn -0.999950 -0.009853 -0.001761
vn -0.808978 -0.113223 0.576833
vn -0.808978 -0.113223 0.576833
vn -0.587748 -0.152120 0.794614
vn -0.587748 -0.152120 0.794614
vn -0.457499 0.146654 -0.877033
vn -0.587752 0.132438 -0.798128
vn -0.587752 0.132438 -0.798128
vn -0.457499 0.146654 -0.877033
vn -0.808977 0.093518 -0.580354
vn -0.808977 0.093518 -0.580353
vn -0.951012 0.044503 -0.305935
vn -0.951012 0.044504 -0.305935
vn 0.808976 0.093518 -0.580356
vn 0.587750 0.132437 -0.798129
vn 0.587750 0.132437 -0.798129
vn 0.808976 0.093518 -0.580356
vn 0.308998 0.157404 -0.937947
vn 0.308998 0.157404 -0.937947
vn -0.000000 0.166024 -0.986122
vn -0.000000 0.166024 -0.986122
vn -0.152502 0.164082 -0.974587
vn -0.152502 0.164082 -0.974587
vn 0.999950 -0.009853 -0.001760
vn 0.951011 0.044504 -0.305938
vn 0.951011 0.044504 -0.305938
vn 0.999950 -0.009853 -0.001760
vn -0.023097 -0.994161 -0.105405
vn 0.000001 -0.994814 -0.101709
vn 0.000001 -0.994814 -0.101709
vn -0.023097 -0.994161 -0.105405
vn 0.023097 -0.994161 -0.105405
vn 0.023097 -0.994161 -0.105405
vn 0.043987 -0.992300 -0.115780
vn 0.043987 -0.992300 -0.115780
vn 0.060469 -0.989386 -0.132132
vn 0.060469 -0.989386 -0.132132
vn -0.074742 -0.981660 -0.175379
vn -0.071174 -0.985720 -0.152613
vn -0.071174 -0.985720 -0.152613
vn -0.074742 -0.981660 -0.175379
vn -0.060469 -0.989386 -0.132130
vn -0.060469 -0.989386 -0.132130
vn -0.043988 -0.992301 -0.115778
vn -0.043988 -0.992301 -0.115778
vn -0.034644 -0.969746 -0.241644
vn -0.043989 -0.971004 -0.234980
vn -0.043990 -0.971004 -0.234980
vn -0.034644 -0.969746 -0.241644
vn -0.060469 -0.973932 -0.218631
vn -0.060469 -0.973932 -0.218631
vn -0.071172 -0.977585 -0.198147
vn -0.071172 -0.977585 -0.198147
vn 0.060466 -0.973933 -0.218631
vn 0.043987 -0.971004 -0.234982
vn 0.043987 -0.971004 -0.234982
vn 0.060466 -0.973932 -0.218631
vn 0.023099 -0.969156 -0.245363
vn 0.023099 -0.969156 -0.245363
vn 0.000001 -0.968490 -0.249053
vn 0.000001 -0.968490 -0.249053
vn -0.011549 -0.968427 -0.249031
vn -0.011549 -0.968427 -0.249031
vn 0.074743 -0.981659 -0.175381
vn 0.071173 -0.977586 -0.198143
vn 0.071173 -0.977586 -0.198143
vn 0.074743 -0.981659 -0.175381
vn 0.035555 0.985756 0.164382
vn 0.030203 0.987585 0.154154
vn 0.030203 0.987585 0.154154
vn 0.035555 0.985756 0.164382
vn 0.037334 0.983727 0.175749
vn 0.037334 0.983727 0.175749
vn -0.308854 -0.136182 0.941310
vn 0.000002 -0.144823 0.989458
vn 0.000001 -0.167271 0.985911
vn -0.308996 -0.158652 0.937737
vn 0.308852 -0.136180 0.941311
vn 0.308995 -0.158652 0.937737
vn 0.587483 -0.111250 0.801553
vn 0.587752 -0.133685 0.797920
vn 0.808616 -0.072320 0.583875
vn 0.808986 -0.094765 0.580139
vn -0.999504 0.031002 0.005538
vn -0.950589 -0.023357 0.309572
vn -0.951023 -0.045749 0.305715
vn -0.999962 0.008607 0.001538
vn -0.808618 -0.072322 0.583872
vn -0.808988 -0.094764 0.580137
vn -0.587486 -0.111252 0.801551
vn -0.587754 -0.133685 0.797918
vn -0.457300 0.186914 -0.869448
vn -0.587490 0.173179 -0.790484
vn -0.587758 0.150874 -0.794845
vn -0.457502 0.164875 -0.873789
vn -0.808619 0.134326 -0.572794
vn -0.808989 0.111978 -0.577060
vn -0.950589 0.085282 -0.298508
vn -0.951024 0.062939 -0.302643
vn 0.808615 0.134327 -0.572798
vn 0.587487 0.173179 -0.790486
vn 0.587756 0.150875 -0.794846
vn 0.808986 0.111978 -0.577064
vn 0.308858 0.198185 -0.930231
vn 0.309000 0.175866 -0.934661
vn -0.000001 0.206749 -0.978394
vn -0.000000 0.184461 -0.982840
vn -0.152434 0.204333 -0.966960
vn -0.152502 0.182305 -0.971344
vn 0.999962 0.008607 0.001538
vn 0.951022 -0.045750 0.305719
vn 0.950588 -0.023356 0.309576
vn 0.999504 0.031002 0.005539
vn 0.950588 0.085283 -0.298512
vn 0.951022 0.062940 -0.302647
vn -0.007081 -0.987988 -0.154371
vn 0.000001 -0.988190 -0.153236
vn 0.000001 -0.988190 -0.153236
vn -0.007081 -0.987988 -0.154371
vn 0.007080 -0.987987 -0.154374
vn 0.007080 -0.987987 -0.154374
vn 0.013488 -0.987419 -0.157550
vn 0.013488 -0.987419 -0.157550
vn 0.018538 -0.986523 -0.162568
vn 0.018538 -0.986523 -0.162568
vn -0.022915 -0.984154 -0.175830
vn -0.021823 -0.985401 -0.168847
vn -0.021823 -0.985401 -0.168847
vn -0.022915 -0.984154 -0.175830
vn -0.018537 -0.986523 -0.162567
vn -0.018537 -0.986523 -0.162567
vn -0.013489 -0.987419 -0.157550
vn -0.013489 -0.987419 -0.157550
vn -0.010634 -0.980517 -0.196144
vn -0.013488 -0.980888 -0.194103
vn -0.013488 -0.980888 -0.194103
vn -0.010634 -0.980517 -0.196144
vn -0.018537 -0.981786 -0.189086
vn -0.018537 -0.981786 -0.189086
vn -0.021824 -0.982906 -0.182811
vn -0.021824 -0.982906 -0.182811
vn 0.018539 -0.981786 -0.189084
vn 0.013487 -0.980887 -0.194108
vn 0.013487 -0.980887 -0.194108
vn 0.018539 -0.981786 -0.189084
vn 0.007080 -0.980321 -0.197282
vn 0.007080 -0.980321 -0.197282
vn 0.000001 -0.980118 -0.198415
vn 0.000001 -0.980118 -0.198415
vn -0.003528 -0.980112 -0.198416
vn -0.003528 -0.980112 -0.198416
vn 0.021824 -0.985400 -0.168848
vn 0.021824 -0.985400 -0.168848
vn 0.022915 -0.984154 -0.175829
vn 0.022915 -0.984154 -0.175829
vn 0.021825 -0.982907 -0.182804
vn 0.021825 -0.982907 -0.182804
vn 0.013383 0.987399 0.157682
vn 0.018402 0.986510 0.162665
vn 0.018402 0.986510 0.162665
vn 0.013383 0.987399 0.157682
vn -0.468713 0.533408 0.704119
vn -0.598755 0.585501 0.546517
vn -0.598755 0.585501 0.546517
vn -0.478891 0.538811 0.693070
vn -0.241729 0.482395 0.841940
vn -0.241729 0.482395 0.841940
vn -0.306065 -0.301229 0.903098
vn 0.000002 -0.309591 0.950870
vn 0.000002 -0.309591 0.950870
vn -0.306065 -0.301229 0.903098
vn 0.306066 -0.301229 0.903098
vn 0.306066 -0.301229 0.903097
vn 0.582189 -0.276323 0.764658
vn 0.582189 -0.276323 0.764658
vn 0.801309 -0.237948 0.548895
vn 0.801309 -0.237948 0.548895
vn -0.990474 -0.135555 -0.024218
vn -0.942022 -0.189218 0.277113
vn -0.942022 -0.189218 0.277113
vn -0.990474 -0.135555 -0.024218
vn -0.801311 -0.237947 0.548891
vn -0.801311 -0.237947 0.548891
vn -0.582193 -0.276323 0.764655
vn -0.582194 -0.276323 0.764655
vn -0.453272 0.021099 -0.891123
vn -0.582196 0.005543 -0.813030
vn -0.582196 0.005543 -0.813030
vn -0.453272 0.021099 -0.891123
vn -0.801313 -0.033167 -0.597325
vn -0.801313 -0.033167 -0.597326
vn -0.942022 -0.081559 -0.325488
vn -0.942022 -0.081559 -0.325489
vn 0.801310 -0.033166 -0.597330
vn 0.582194 0.005544 -0.813031
vn 0.582193 0.005544 -0.813032
vn 0.801309 -0.033166 -0.597330
vn 0.306067 0.030118 -0.951533
vn 0.306067 0.030118 -0.951533
vn 0.000001 0.038815 -0.999246
vn 0.000000 0.038815 -0.999246
vn -0.151088 0.038368 -0.987775
vn -0.151088 0.038368 -0.987775
vn 0.990474 -0.135556 -0.024217
vn 0.942021 -0.081558 -0.325493
vn 0.942021 -0.081558 -0.325493
vn 0.990474 -0.135556 -0.024218
vn 0.999599 0.027861 0.004977
vn 0.950679 -0.026500 0.309044
vn 0.950679 -0.026499 0.309043
vn 0.999599 0.027861 0.004978
vn 0.808693 -0.075473 0.583370
vn 0.808693 -0.075473 0.583370
vn 0.308883 -0.139338 0.940838
vn 0.000002 -0.147976 0.988991
vn 0.000002 -0.147976 0.988991
vn 0.308883 -0.139338 0.940838
vn -0.308883 -0.139336 0.940838
vn -0.308883 -0.139336 0.940838
vn -0.587542 -0.114401 0.801066
vn -0.587541 -0.114402 0.801067
vn -0.808694 -0.075473 0.583368
vn -0.808694 -0.075473 0.583368
vn -0.950680 -0.026498 0.309040
vn -0.950680 -0.026498 0.309040
vn -0.999599 0.027861 0.004977
vn -0.999599 0.027861 0.004978
vn -0.950679 0.082150 -0.299101
vn -0.950679 0.082149 -0.299100
vn -0.808694 0.131193 -0.573413
vn -0.808694 0.131193 -0.573413
vn -0.587546 0.170054 -0.791120
vn -0.587546 0.170054 -0.791120
vn -0.457342 0.183826 -0.870084
vn -0.457342 0.183826 -0.870084
vn -0.152447 0.201250 -0.967605
vn -0.000001 0.203629 -0.979048
vn -0.000001 0.203629 -0.979048
vn -0.152447 0.201250 -0.967605
vn 0.308888 0.195058 -0.930882
vn 0.308888 0.195058 -0.930882
vn 0.587545 0.170052 -0.791121
vn 0.587546 0.170052 -0.791121
vn 0.808693 0.131195 -0.573414
vn 0.808693 0.131194 -0.573414
vn 0.950678 0.082151 -0.299103
vn 0.950678 0.082151 -0.299103
vn 0.011793 0.985816 0.167418
vn 0.013881 0.985101 0.171414
vn 0.013881 0.985101 0.171414
vn 0.011793 0.985815 0.167418
vn 0.014577 0.984308 0.175856
vn 0.014577 0.984308 0.175856
vn 0.013881 0.983515 0.180294
vn 0.013881 0.983515 0.180294
vn 0.011792 0.982801 0.184290
vn 0.011792 0.982801 0.184290
vn 0.013671 -0.985093 -0.171479
vn 0.011616 -0.985796 -0.167546
vn 0.011617 -0.985796 -0.167546
vn 0.013671 -0.985093 -0.171479
vn 0.004504 0.981870 0.189502
vn 0.000000 0.981741 0.190224
vn 0.000000 0.981741 0.190224
vn 0.004504 0.981870 0.189502
vn -0.004504 0.981870 0.189503
vn -0.004504 0.981870 0.189503
vn -0.008579 0.982231 0.187479
vn -0.008579 0.982231 0.187479
vn -0.011793 0.982802 0.184286
vn -0.011793 0.982802 0.184286
vn -0.013882 0.983515 0.180294
vn -0.013882 0.983515 0.180294
vn -0.014577 0.984308 0.175857
vn -0.014577 0.984308 0.175857
vn -0.013881 0.985101 0.171414
vn -0.013881 0.985101 0.171414
vn -0.011793 0.985816 0.167417
vn -0.011793 0.985816 0.167417
vn -0.008579 0.986385 0.164230
vn -0.008579 0.986385 0.164230
vn -0.006759 0.986614 0.162932
vn -0.006759 0.986614 0.162932
vn -0.002250 0.986873 0.161484
vn -0.000000 0.986875 0.161486
vn -0.000000 0.986875 0.161486
vn -0.002250 0.986873 0.161484
vn 0.004504 0.986746 0.162209
vn 0.004504 0.986746 0.162209
vn 0.008579 0.986385 0.164231
vn 0.008579 0.986385 0.164231
vn 0.013356 0.985985 0.166298
vn 0.015720 0.985176 0.170823
vn 0.015720 0.985176 0.170823
vn 0.013356 0.985985 0.166298
vn 0.016509 0.984279 0.175849
vn 0.016509 0.984279 0.175849
vn 0.015721 0.983380 0.180876
vn 0.015721 0.983380 0.180876
vn 0.013356 0.982572 0.185403
vn 0.013356 0.982572 0.185403
vn 0.010712 -0.984963 -0.172436
vn 0.009101 -0.985514 -0.169353
vn 0.009101 -0.985514 -0.169353
vn 0.010712 -0.984963 -0.172436
vn 0.005101 0.981517 0.191306
vn -0.000000 0.981371 0.192121
vn -0.000000 0.981371 0.192121
vn 0.005101 0.981517 0.191306
vn -0.005101 0.981518 0.191304
vn -0.005101 0.981518 0.191304
vn -0.009715 0.981927 0.189013
vn -0.009715 0.981927 0.189013
vn -0.013356 0.982572 0.185402
vn -0.013356 0.982572 0.185402
vn -0.015721 0.983380 0.180877
vn -0.015721 0.983380 0.180877
vn -0.016510 0.984279 0.175849
vn -0.016510 0.984279 0.175849
vn -0.015721 0.985176 0.170823
vn -0.015721 0.985176 0.170823
vn -0.013357 0.985985 0.166299
vn -0.013357 0.985985 0.166299
vn -0.009716 0.986630 0.162686
vn -0.009716 0.986630 0.162686
vn -0.007651 0.986891 0.161209
vn -0.007651 0.986891 0.161209
vn -0.002551 0.987182 0.159577
vn 0.000000 0.987185 0.159578
vn 0.000000 0.987185 0.159578
vn -0.002551 0.987182 0.159577
vn 0.005101 0.987040 0.160392
vn 0.005101 0.987040 0.160392
vn 0.009715 0.986630 0.162684
vn 0.009715 0.986630 0.162684
vn 0.587767 0.148606 -0.795265
vn 0.309006 0.173596 -0.935083
vn 0.309006 0.173596 -0.935083
vn 0.587767 0.148606 -0.795265
vn 0.809001 0.109704 -0.577480
vn 0.809000 0.109704 -0.577480
vn -0.000000 0.182196 -0.983262
vn -0.000000 0.182196 -0.983262
vn -0.152504 0.180064 -0.971761
vn -0.152504 0.180064 -0.971761
vn -0.457512 0.162634 -0.874204
vn -0.587768 0.148606 -0.795264
vn -0.587768 0.148606 -0.795264
vn -0.457512 0.162634 -0.874204
vn -0.809002 0.109704 -0.577478
vn -0.809002 0.109704 -0.577478
vn -0.951040 0.060668 -0.303055
vn -0.951040 0.060668 -0.303056
vn -0.999979 0.006330 0.001131
vn -0.999979 0.006331 0.001131
vn -0.951041 -0.048022 0.305313
vn -0.951040 -0.048023 0.305313
vn -0.809001 -0.097043 0.579741
vn -0.809002 -0.097043 0.579741
vn -0.587765 -0.135960 0.797526
vn -0.587765 -0.135960 0.797526
vn -0.309003 -0.160931 0.937346
vn -0.309003 -0.160931 0.937346
vn 0.000002 -0.169545 0.985523
vn 0.000002 -0.169545 0.985523
vn 0.309005 -0.160930 0.937346
vn 0.309005 -0.160929 0.937346
vn 0.587764 -0.135959 0.797527
vn 0.587763 -0.135959 0.797527
vn 0.809000 -0.097043 0.579743
vn 0.808999 -0.097043 0.579744
vn 0.951039 -0.048023 0.305318
vn 0.951039 -0.048023 0.305318
vn 0.999979 0.006331 0.001131
vn 0.999979 0.006331 0.001131
vn 0.951039 0.060669 -0.303059
vn 0.951039 0.060669 -0.303059
vn 0.587770 0.136615 -0.797410
vn 0.309008 0.161589 -0.937232
vn 0.309008 0.161589 -0.937232
vn 0.587770 0.136616 -0.797410
vn 0.809004 0.097701 -0.579627
vn 0.809004 0.097701 -0.579627
vn 0.000000 0.170205 -0.985409
vn 0.000000 0.170205 -0.985409
vn -0.152506 0.168214 -0.973882
vn -0.152506 0.168214 -0.973882
vn -0.587772 0.136616 -0.797409
vn -0.587772 0.136616 -0.797408
vn -0.809006 0.097701 -0.579624
vn -0.809006 0.097701 -0.579624
vn -0.951044 0.048680 -0.305199
vn -0.951044 0.048680 -0.305199
vn -0.999983 -0.005672 -0.001014
vn -0.999983 -0.005672 -0.001014
vn -0.951043 -0.060011 0.303175
vn -0.951044 -0.060011 0.303175
vn -0.809004 -0.109047 0.577600
vn -0.809004 -0.109047 0.577600
vn -0.587768 -0.147950 0.795386
vn -0.587768 -0.147950 0.795386
vn -0.309006 -0.172938 0.935205
vn -0.309006 -0.172938 0.935205
vn 0.000002 -0.181539 0.983384
vn 0.000002 -0.181539 0.983384
vn 0.309007 -0.172939 0.935204
vn 0.309007 -0.172939 0.935204
vn 0.587766 -0.147951 0.795388
vn 0.587766 -0.147951 0.795388
vn 0.809001 -0.109048 0.577603
vn 0.809001 -0.109048 0.577603
vn 0.951043 -0.060012 0.303177
vn 0.951042 -0.060012 0.303178
vn 0.999983 -0.005673 -0.001014
vn 0.999983 -0.005673 -0.001014
vn 0.951043 0.048681 -0.305202
vn 0.951043 0.048681 -0.305202
vn -0.011387 0.985728 0.167960
vn -0.004597 0.986792 0.161926
vn 0.004497 0.986635 0.162884
vn -0.007239 0.985298 0.170691
vn -0.011146 0.982850 0.184067
vn -0.014879 0.984306 0.175845
vn -0.011146 0.985786 0.167638
vn 0.951019 -0.045343 0.305790
vn 0.808982 -0.094359 0.580211
vn 0.808982 -0.094359 0.580211
vn 0.951019 -0.045343 0.305790
vn 0.587751 -0.133278 0.797989
vn 0.587751 -0.133277 0.797989
vn 0.308995 -0.158245 0.937806
vn 0.308995 -0.158245 0.937806
vn 0.000002 -0.166864 0.985980
vn 0.000002 -0.166864 0.985980
vn -0.308993 -0.158246 0.937807
vn -0.308993 -0.158246 0.937807
vn -0.587753 -0.133278 0.797987
vn -0.587753 -0.133278 0.797987
vn -0.808985 -0.094358 0.580207
vn -0.808985 -0.094358 0.580207
vn -0.951020 -0.045342 0.305786
vn -0.951020 -0.045342 0.305785
vn -0.999958 0.009013 0.001610
vn -0.999958 0.009013 0.001610
vn -0.951020 0.063346 -0.302570
vn -0.951020 0.063346 -0.302570
vn -0.808985 0.112384 -0.576986
vn -0.808985 0.112384 -0.576986
vn -0.587755 0.151281 -0.794769
vn -0.587756 0.151281 -0.794769
vn -0.457499 0.165277 -0.873715
vn -0.457499 0.165277 -0.873715
vn -0.152503 0.182706 -0.971268
vn -0.000001 0.184869 -0.982763
vn -0.000001 0.184869 -0.982763
vn -0.152503 0.182706 -0.971268
vn 0.308998 0.176273 -0.934585
vn 0.308997 0.176273 -0.934585
vn 0.587755 0.151282 -0.794769
vn 0.587755 0.151282 -0.794769
vn 0.808983 0.112385 -0.576988
vn 0.808983 0.112385 -0.576988
vn 0.951018 0.063347 -0.302574
vn 0.951018 0.063347 -0.302575
vn 0.999958 0.009013 0.001610
vn 0.999958 0.009013 0.001610
vn 0.042111 0.509035 0.859715
vn 0.026926 0.505081 0.862652
vn 0.228703 0.538214 0.811185
vn 0.228702 0.538214 0.811185
vn 0.410756 0.530106 0.741800
vn 0.425147 0.527844 0.735276
vn 0.632861 0.532380 0.562190
vn 0.632861 0.532381 0.562190
vn 0.732761 0.608054 0.305502
vn 0.731479 0.601998 0.320215
vn 0.740104 0.662010 0.118273
vn 0.740104 0.662010 0.118274
vn 0.732760 0.676224 -0.076056
vn 0.731478 0.675636 -0.091956
vn 0.632860 0.694113 -0.343067
vn 0.632861 0.694113 -0.343066
vn 0.410753 0.754172 -0.512354
vn 0.425144 0.749790 -0.507017
vn 0.228697 0.785804 -0.574640
vn 0.228695 0.785804 -0.574640
vn 0.042109 0.775235 -0.630268
vn 0.026925 0.772543 -0.634391
vn -0.241724 0.744090 -0.622815
vn -0.241723 0.744090 -0.622816
vn -0.478887 0.745467 -0.463623
vn -0.468710 0.744224 -0.475859
vn -0.598753 0.738522 -0.309967
vn -0.598753 0.738522 -0.309967
vn -0.706734 0.690311 -0.154915
vn -0.714836 0.684643 -0.142383
vn -0.782260 0.613243 0.109558
vn -0.782260 0.613243 0.109558
vn -0.706734 0.593964 0.384360
vn -0.714837 0.592987 0.370641
vn 0.587539 -0.114402 0.801068
vn 0.587539 -0.114402 0.801068
vn 0.007026 0.987962 0.154536
vn 0.007026 0.987962 0.154536
vn 0.000003 0.988162 0.153416
vn 0.000003 0.988162 0.153416
vn -0.007028 0.987962 0.154537
vn -0.007028 0.987962 0.154537
vn -0.013384 0.987398 0.157692
vn -0.013384 0.987398 0.157692
vn -0.018392 0.986509 0.162668
vn -0.018392 0.986509 0.162668
vn -0.021652 0.985395 0.168903
vn -0.021652 0.985395 0.168903
vn -0.022740 0.984158 0.175829
vn -0.022740 0.984158 0.175829
vn -0.021653 0.982921 0.182751
vn -0.021653 0.982921 0.182751
vn -0.018392 0.981810 0.188973
vn -0.018392 0.981810 0.188973
vn -0.013382 0.980920 0.193953
vn -0.013382 0.980919 0.193953
vn -0.007028 0.980354 0.197121
vn -0.007028 0.980354 0.197121
vn -0.000000 0.980154 0.198240
vn -0.000000 0.980153 0.198240
vn 0.007026 0.980357 0.197108
vn 0.007026 0.980357 0.197108
vn 0.013379 0.980921 0.193948
vn 0.013379 0.980921 0.193948
vn 0.018392 0.981809 0.188980
vn 0.018392 0.981809 0.188980
vn 0.021656 0.982920 0.182757
vn 0.021656 0.982920 0.182757
vn 0.022744 0.984158 0.175827
vn 0.022744 0.984158 0.175827
vn 0.021659 0.985395 0.168901
vn 0.021659 0.985395 0.168901
vn 0.008578 0.982231 0.187479
vn 0.008578 0.982231 0.187479
vn -0.457515 0.150783 -0.876324
vn -0.457515 0.150783 -0.876324
vn 0.014358 -0.984312 -0.175854
vn 0.014358 -0.984312 -0.175854
vn 0.013671 -0.983530 -0.180229
vn 0.013671 -0.983530 -0.180229
vn 0.011615 -0.982827 -0.184162
vn 0.011615 -0.982827 -0.184162
vn 0.008449 -0.982266 -0.187304
vn 0.008449 -0.982266 -0.187304
vn 0.004437 -0.981909 -0.189300
vn 0.004437 -0.981909 -0.189300
vn -0.000000 -0.981783 -0.190007
vn -0.000000 -0.981783 -0.190007
vn -0.002223 -0.981780 -0.190006
vn -0.002223 -0.981781 -0.190006
vn -0.006651 -0.982033 -0.188592
vn -0.006651 -0.982033 -0.188592
vn -0.008449 -0.982265 -0.187306
vn -0.008449 -0.982265 -0.187306
vn -0.011615 -0.982827 -0.184166
vn -0.011615 -0.982827 -0.184166
vn -0.013670 -0.983529 -0.180231
vn -0.013670 -0.983529 -0.180231
vn -0.014357 -0.984311 -0.175857
vn -0.014357 -0.984311 -0.175857
vn -0.013671 -0.985092 -0.171482
vn -0.013671 -0.985092 -0.171482
vn -0.011615 -0.985796 -0.167548
vn -0.011615 -0.985796 -0.167548
vn -0.008449 -0.986356 -0.164409
vn -0.008449 -0.986356 -0.164409
vn -0.004437 -0.986713 -0.162415
vn -0.004437 -0.986713 -0.162415
vn -0.000000 -0.986839 -0.161706
vn -0.000000 -0.986839 -0.161706
vn 0.004437 -0.986713 -0.162413
vn 0.004437 -0.986713 -0.162413
vn 0.008450 -0.986356 -0.164407
vn 0.008450 -0.986356 -0.164407
vn 0.009716 0.981926 0.189016
vn 0.009716 0.981926 0.189016
vn 0.011249 -0.984351 -0.175862
vn 0.011249 -0.984351 -0.175862
vn 0.010712 -0.983738 -0.179291
vn 0.010712 -0.983738 -0.179291
vn 0.009102 -0.983187 -0.182373
vn 0.009102 -0.983187 -0.182373
vn 0.006621 -0.982748 -0.184833
vn 0.006621 -0.982748 -0.184833
vn 0.003477 -0.982469 -0.186392
vn 0.003477 -0.982469 -0.186392
vn 0.000000 -0.982370 -0.186948
vn 0.000000 -0.982370 -0.186948
vn -0.001741 -0.982368 -0.186949
vn -0.001741 -0.982368 -0.186949
vn -0.005213 -0.982567 -0.185838
vn -0.005213 -0.982567 -0.185838
vn -0.006620 -0.982748 -0.184833
vn -0.006620 -0.982748 -0.184833
vn -0.009101 -0.983188 -0.182371
vn -0.009101 -0.983188 -0.182371
vn -0.010712 -0.983738 -0.179290
vn -0.010712 -0.983738 -0.179290
vn -0.011249 -0.984350 -0.175864
vn -0.011249 -0.984350 -0.175864
vn -0.010713 -0.984963 -0.172435
vn -0.010713 -0.984963 -0.172435
vn -0.009103 -0.985513 -0.169353
vn -0.009103 -0.985513 -0.169353
vn -0.006621 -0.985953 -0.166891
vn -0.006621 -0.985953 -0.166891
vn -0.003477 -0.986233 -0.165327
vn -0.003477 -0.986233 -0.165327
vn -0.000000 -0.986332 -0.164773
vn -0.000000 -0.986332 -0.164773
vn 0.003477 -0.986232 -0.165331
vn 0.003477 -0.986232 -0.165331
vn 0.006620 -0.985953 -0.166892
vn 0.006620 -0.985953 -0.166892
vn 0.942021 -0.189219 0.277115
vn 0.942021 -0.189219 0.277115
vn 0.308979 -0.180947 0.933697
vn 0.587719 -0.155950 0.793893
vn 0.587022 -0.192003 0.786473
vn 0.308611 -0.217013 0.926102
vn 0.808938 -0.117063 0.576121
vn 0.807974 -0.153206 0.568952
vn -0.308978 -0.180948 0.933697
vn -0.000001 -0.189534 0.981874
vn -0.000000 -0.225548 0.974232
vn -0.308609 -0.217016 0.926102
vn -0.808941 -0.117064 0.576117
vn -0.587720 -0.155950 0.793892
vn -0.587021 -0.192005 0.786474
vn -0.807976 -0.153207 0.568948
vn -0.999903 -0.013698 -0.002448
vn -0.950968 -0.068019 0.301718
vn -0.949837 -0.104178 0.294885
vn -0.998711 -0.049964 -0.008926
vn -0.808940 0.089667 -0.581012
vn -0.950968 0.040663 -0.306605
vn -0.949836 0.004376 -0.312717
vn -0.807975 0.053278 -0.586803
vn -0.457476 0.142852 -0.877673
vn -0.587723 0.128594 -0.798777
vn -0.587024 0.092201 -0.804302
vn -0.456944 0.106872 -0.883052
vn 0.308981 0.153552 -0.938591
vn 0.000001 0.162179 -0.986761
vn 0.000000 0.125751 -0.992062
vn 0.308611 0.117090 -0.943954
vn -0.152492 0.160280 -0.975221
vn -0.152314 0.124284 -0.980487
vn 0.808938 0.089668 -0.581015
vn 0.587721 0.128594 -0.798779
vn 0.587020 0.092203 -0.804305
vn 0.807972 0.053280 -0.586808
vn 0.999903 -0.013698 -0.002448
vn 0.950967 0.040663 -0.306609
vn 0.949835 0.004376 -0.312720
vn 0.998711 -0.049964 -0.008926
vn 0.949835 -0.104178 0.294891
vn 0.950967 -0.068020 0.301722
vn 0.587775 -0.142286 0.796414
vn 0.309008 -0.167266 0.936235
vn 0.809016 -0.103376 0.578624
vn 0.000000 -0.175873 0.984413
vn -0.309007 -0.167265 0.936235
vn -0.587777 -0.142285 0.796413
vn -0.809019 -0.103375 0.578620
vn -0.951060 -0.054346 0.304191
vn -1.000000 -0.000000 0.000000
vn -0.951060 0.054346 -0.304191
vn -0.809020 0.103375 -0.578620
vn -0.587780 0.142285 -0.796411
vn -0.457518 0.156386 -0.875340
vn 0.000001 0.175873 -0.984413
vn 0.309011 0.167265 -0.936234
vn -0.152507 0.173816 -0.972898
vn 0.587778 0.142285 -0.796412
vn 0.809017 0.103375 -0.578623
vn 0.951059 0.054347 -0.304194
vn 1.000000 -0.000000 0.000000
vn 0.951059 -0.054347 0.304194
vn 0.030205 0.979867 0.197352
vn 0.021974 0.978405 0.205524
vn 0.021974 0.978405 0.205524
vn 0.030205 0.979867 0.197352
vn 0.011535 0.977482 0.210702
vn 0.011535 0.977482 0.210702
vn 0.000000 0.977150 0.212550
vn 0.000000 0.977150 0.212550
vn -0.011535 0.977482 0.210704
vn -0.011535 0.977482 0.210704
vn -0.021975 0.978406 0.205522
vn -0.021975 0.978406 0.205522
vn -0.030205 0.979867 0.197352
vn -0.030205 0.979867 0.197352
vn -0.035555 0.981693 0.187121
vn -0.035555 0.981693 0.187121
vn -0.037334 0.983727 0.175750
vn -0.037334 0.983727 0.175750
vn -0.035555 0.985756 0.164379
vn -0.035555 0.985756 0.164379
vn -0.030203 0.987586 0.154146
vn -0.030203 0.987586 0.154146
vn -0.021973 0.989044 0.145977
vn -0.021973 0.989044 0.145977
vn -0.017316 0.989622 0.142647
vn -0.017316 0.989622 0.142647
vn -0.005759 0.990283 0.138951
vn -0.005759 0.990283 0.138951
vn 0.000000 0.990299 0.138952
vn 0.000000 0.990299 0.138952
vn 0.011538 0.989971 0.140798
vn 0.011538 0.989971 0.140798
vn 0.021974 0.989044 0.145978
vn 0.021974 0.989044 0.145978
vn 0.035555 0.981693 0.187121
vn 0.035555 0.981693 0.187121
vn 0.951011 -0.064185 0.302422
vn 0.951011 -0.064185 0.302421
vn 0.071174 -0.985719 -0.152618
vn 0.071174 -0.985719 -0.152618
vn 0.950627 -0.083989 0.298756
vn 0.808648 -0.133033 0.573054
vn 0.808695 -0.131072 0.573439
vn 0.950682 -0.082028 0.299124
vn 0.999603 -0.027737 -0.004955
vn 0.999545 -0.029704 -0.005307
vn 0.950681 0.026623 -0.309024
vn 0.950626 0.024656 -0.309357
vn 0.808694 0.075598 -0.583351
vn 0.808647 0.073625 -0.583668
vn 0.587546 0.114527 -0.801045
vn 0.587511 0.112554 -0.801350
vn 0.308886 0.139463 -0.940818
vn 0.308870 0.137486 -0.941115
vn -0.000001 0.148102 -0.988972
vn -0.000000 0.146127 -0.989266
vn -0.152446 0.146371 -0.977413
vn -0.152439 0.144419 -0.977704
vn -0.457315 0.126997 -0.880190
vn -0.457343 0.128948 -0.879892
vn -0.587547 0.114527 -0.801044
vn -0.587513 0.112554 -0.801349
vn -0.808697 0.075597 -0.583348
vn -0.808650 0.073624 -0.583665
vn -0.950683 0.026622 -0.309021
vn -0.950627 0.024655 -0.309354
vn -0.999603 -0.027737 -0.004956
vn -0.999545 -0.029704 -0.005307
vn -0.950683 -0.082027 0.299122
vn -0.950628 -0.083988 0.298753
vn -0.808697 -0.131072 0.573436
vn -0.808650 -0.133033 0.573051
vn -0.587546 -0.169932 0.791146
vn -0.587512 -0.171888 0.790749
vn -0.308885 -0.194937 0.930908
vn -0.308867 -0.196894 0.930502
vn 0.000002 -0.203506 0.979074
vn 0.000002 -0.205460 0.978666
vn 0.308885 -0.194937 0.930908
vn 0.308868 -0.196894 0.930502
vn 0.587543 -0.169932 0.791149
vn 0.587509 -0.171888 0.790752
vn 0.000001 -0.205971 0.978558
vn -0.308862 -0.197406 0.930395
vn 0.308863 -0.197406 0.930395
vn -0.587502 -0.172399 0.790646
vn -0.808637 -0.133546 0.572949
vn -0.950613 -0.084501 0.298656
vn -0.999529 -0.030219 -0.005399
vn -0.950612 0.024140 -0.309440
vn -0.808638 0.073108 -0.583747
vn -0.587503 0.112038 -0.801428
vn -0.457307 0.126487 -0.880268
vn -0.000001 0.145610 -0.989342
vn 0.308866 0.136969 -0.941192
vn -0.152439 0.143908 -0.977780
vn 0.587502 0.112038 -0.801429
vn 0.808635 0.073109 -0.583750
vn 0.950611 0.024141 -0.309444
vn 0.999529 -0.030219 -0.005399
vn 0.808635 -0.133546 0.572953
vn 0.950611 -0.084502 0.298660
vn 0.587500 -0.172400 0.790647
s 1
g Torch_LP
usemtl initialShadingGroup
f 39/1/1 42/2/2 41/3/3 40/4/4
f 40/4/4 41/3/3 44/5/5 43/6/6
f 44/5/5 46/7/7 45/8/8 43/6/6
f 45/8/8 46/7/7 48/9/9 47/10/10
f 49/11/11 52/12/12 51/13/13 50/14/14
f 50/14/14 51/13/13 54/15/15 53/16/16
f 55/17/17 56/18/18 42/2/2 39/1/1
f 55/17/17 58/19/19 57/20/20 56/18/18
f 60/21/21 62/22/22 61/23/23 59/24/24
f 60/21/21 64/25/25 63/26/26 62/22/22
f 65/27/27 66/28/28 63/26/26 64/25/25
f 67/29/29 68/30/30 53/16/16 54/15/15
f 67/29/29 59/24/24 61/23/23 68/30/30
f 48/9/9 70/31/31 69/32/32 47/10/10
f 69/32/32 70/31/31 52/12/12 49/11/11
f 71/33/33 72/34/34 66/28/28 65/27/27
f 74/35/35 73/36/36 72/34/34 71/33/33
f 75/37/37 76/38/38 73/36/36 74/35/35
s 4
f 1/39/39 29/40/40 30/41/41 5/42/42
f 29/40/40 2/43/43 6/44/44 30/41/41
f 6/44/44 2/43/43 31/45/45 32/46/46
f 31/45/45 3/47/47 7/48/48 32/46/46
f 18/49/49 33/50/50 34/51/51 17/52/52
f 33/50/50 4/53/53 8/54/54 34/51/51
f 36/55/55 1/39/39 5/42/42 35/56/56
f 36/55/55 35/56/56 10/57/57 9/58/58
f 38/59/59 15/60/60 16/61/61 37/62/62
f 38/59/59 37/62/62 11/63/63 12/64/64
f 14/65/65 12/64/64 11/63/63 13/66/66
f 24/67/67 8/54/54 4/53/53 23/68/68
f 24/67/67 23/68/68 16/61/61 15/60/60
f 7/48/48 3/47/47 25/69/69 26/70/70
f 25/69/69 18/49/49 17/52/52 26/70/70
f 28/71/71 14/65/65 13/66/66 27/72/72
f 19/73/73 20/74/74 28/71/71 27/72/72
f 21/75/75 22/76/76 20/74/74 19/73/73
s 7
f 29/77/77 1/78/78 39/79/79 40/80/80
s 8
f 5/81/81 30/82/82 41/83/83 42/84/84
s 7
f 2/85/85 29/77/77 40/80/80 43/86/86
s 8
f 30/82/82 6/87/87 44/88/88 41/83/83
s 7
f 31/89/89 2/85/85 43/86/86 45/90/90
s 8
f 6/87/87 32/91/91 46/92/92 44/88/88
s 7
f 3/93/93 31/89/89 45/90/90 47/94/94
s 8
f 32/91/91 7/95/95 48/96/96 46/92/92
s 7
f 33/97/97 18/98/98 49/99/99 50/100/100
s 8
f 17/101/101 34/102/102 51/103/103 52/104/104
s 7
f 4/105/105 33/97/97 50/100/100 53/106/106
s 8
f 34/102/102 8/107/107 54/108/108 51/103/103
s 7
f 1/78/78 36/109/109 55/110/110 39/79/79
s 8
f 35/111/111 5/81/81 42/84/84 56/112/112
f 57/113/113 10/114/114 35/111/111 56/112/112
s 7
f 36/109/109 9/115/115 58/116/116 55/110/110
s 8
f 15/117/117 38/118/118 60/119/119 59/120/120
s 7
f 37/121/121 16/122/122 61/123/123 62/124/124
f 11/125/125 37/121/121 62/124/124 63/126/126
s 8
f 38/118/118 12/127/127 64/128/128 60/119/119
f 12/127/127 14/129/129 65/130/130 64/128/128
s 7
f 13/131/131 11/125/125 63/126/126 66/132/132
s 8
f 8/107/107 24/133/133 67/134/134 54/108/108
s 7
f 23/135/135 4/105/105 53/106/106 68/136/136
f 16/122/122 23/135/135 68/136/136 61/123/123
s 8
f 24/133/133 15/117/117 59/120/120 67/134/134
s 7
f 25/137/137 3/93/93 47/94/94 69/138/138
s 8
f 7/95/95 26/139/139 70/140/140 48/96/96
s 7
f 18/98/98 25/137/137 69/138/138 49/99/99
s 8
f 26/139/139 17/101/101 52/104/104 70/140/140
f 14/129/129 28/141/141 71/142/142 65/130/130
s 7
f 27/143/143 13/131/131 66/132/132 72/144/144
f 73/145/145 19/146/146 27/143/143 72/144/144
s 8
f 20/147/147 74/148/148 71/142/142 28/141/141
f 22/149/149 75/150/150 74/148/148 20/147/147
s 7
f 76/151/151 21/152/152 19/146/146 73/145/145
s off
f 75/153/153 22/154/154 21/155/155 76/156/156
s 13
f 115/157/157 118/158/158 117/159/159 116/160/160
f 116/160/160 117/159/159 120/161/161 119/162/162
f 120/161/161 122/163/163 121/164/164 119/162/162
f 121/164/164 122/163/163 124/165/165 123/166/166
f 125/167/167 128/168/168 127/169/169 126/170/170
f 126/170/170 127/169/169 130/171/171 129/172/172
f 131/173/173 132/174/174 118/158/158 115/157/157
f 131/173/173 134/175/175 133/176/176 132/174/174
f 136/177/177 138/178/178 137/179/179 135/180/180
f 136/177/177 140/181/181 139/182/182 138/178/178
f 141/183/183 142/184/184 139/182/182 140/181/181
f 143/185/185 144/186/186 129/172/172 130/171/171
f 143/185/185 135/180/180 137/179/179 144/186/186
f 124/165/165 146/187/187 145/188/188 123/166/166
f 145/188/188 146/187/187 128/168/168 125/167/167
f 147/189/189 148/190/190 142/184/184 141/183/183
f 150/191/191 149/192/192 148/190/190 147/189/189
f 151/193/193 152/194/194 149/192/192 150/191/191
s 16
f 77/195/195 105/196/196 106/197/197 81/198/198
f 105/196/196 78/199/199 82/200/200 106/197/197
f 82/200/200 78/199/199 107/201/201 108/202/202
f 107/201/201 79/203/203 83/204/204 108/202/202
f 94/205/205 109/206/206 110/207/207 93/208/208
f 109/206/206 80/209/209 84/210/210 110/207/207
f 112/211/211 77/195/195 81/198/198 111/212/212
f 112/211/211 111/212/212 86/213/213 85/214/214
f 114/215/215 91/216/216 92/217/217 113/218/218
f 114/215/215 113/218/218 87/219/219 88/220/220
f 90/221/221 88/220/220 87/219/219 89/222/222
f 100/223/223 84/210/210 80/209/209 99/224/224
f 100/223/223 99/224/224 92/217/217 91/216/216
f 83/204/204 79/203/203 101/225/225 102/226/226
f 101/225/225 94/205/205 93/208/208 102/226/226
f 104/227/227 90/221/221 89/222/222 103/228/228
f 95/229/229 96/230/230 104/227/227 103/228/228
f 97/231/231 98/232/232 96/230/230 95/229/229
s 19
f 105/233/233 77/234/234 115/235/235 116/236/236
s 20
f 81/237/237 106/238/238 117/239/239 118/240/240
s 19
f 78/241/241 105/233/233 116/236/236 119/242/242
s 20
f 106/238/238 82/243/243 120/244/244 117/239/239
s 19
f 107/245/245 78/241/241 119/242/242 121/246/246
s 20
f 82/243/243 108/247/247 122/248/248 120/244/244
s 19
f 79/249/249 107/245/245 121/246/246 123/250/250
s 20
f 108/247/247 83/251/251 124/252/252 122/248/248
s 19
f 109/253/253 94/254/254 125/255/255 126/256/256
s 20
f 93/257/257 110/258/258 127/259/259 128/260/260
s 19
f 80/261/261 109/253/253 126/256/256 129/262/262
s 20
f 110/258/258 84/263/263 130/264/264 127/259/259
s 19
f 77/234/234 112/265/265 131/266/266 115/235/235
s 20
f 111/267/267 81/237/237 118/240/240 132/268/268
f 133/269/269 86/270/270 111/267/267 132/268/268
s 19
f 112/265/265 85/271/271 134/272/272 131/266/266
s 20
f 91/273/273 114/274/274 136/275/275 135/276/276
s 19
f 113/277/277 92/278/278 137/279/279 138/280/280
f 87/281/281 113/277/277 138/280/280 139/282/282
s 20
f 114/274/274 88/283/283 140/284/284 136/275/275
f 88/283/283 90/285/285 141/286/286 140/284/284
s 19
f 89/287/287 87/281/281 139/282/282 142/288/288
s 20
f 84/263/263 100/289/289 143/290/290 130/264/264
s 19
f 99/291/291 80/261/261 129/262/262 144/292/292
f 92/278/278 99/291/291 144/292/292 137/279/279
s 20
f 100/289/289 91/273/273 135/276/276 143/290/290
s 19
f 101/293/293 79/249/249 123/250/250 145/294/294
s 20
f 83/251/251 102/295/295 146/296/296 124/252/252
s 19
f 94/254/254 101/293/293 145/294/294 125/255/255
s 20
f 102/295/295 93/257/257 128/260/260 146/296/296
f 90/285/285 104/297/297 147/298/298 141/286/286
s 19
f 103/299/299 89/287/287 142/288/288 148/300/300
f 149/301/301 95/302/302 103/299/299 148/300/300
s 20
f 96/303/303 150/304/304 147/298/298 104/297/297
f 98/305/305 151/306/306 150/304/304 96/303/303
s 19
f 152/307/307 97/308/308 95/302/302 149/301/301
s off
f 151/309/309 98/310/310 97/311/311 152/312/312
s 25
f 191/313/313 194/314/314 193/315/315 192/316/316
f 192/316/316 193/315/315 196/317/317 195/318/318
f 196/317/317 198/319/319 197/320/320 195/318/318
f 197/320/320 198/319/319 200/321/321 199/322/322
f 201/323/323 204/324/324 203/325/325 202/326/326
f 202/326/326 203/325/325 206/327/327 205/328/328
f 207/329/329 208/330/330 194/314/314 191/313/313
f 207/329/329 210/331/331 209/332/332 208/330/330
f 212/333/333 214/334/334 213/335/335 211/336/336
f 212/333/333 216/337/337 215/338/338 214/334/334
f 217/339/339 218/340/340 215/338/338 216/337/337
f 219/341/341 220/342/342 205/328/328 206/327/327
f 219/341/341 211/336/336 213/335/335 220/342/342
f 200/321/321 222/343/343 221/344/344 199/322/322
f 221/344/344 222/343/343 204/324/324 201/323/323
f 223/345/345 224/346/346 218/340/340 217/339/339
f 226/347/347 225/348/348 224/346/346 223/345/345
f 227/349/349 228/350/350 225/348/348 226/347/347
s 28
f 153/351/351 181/352/352 182/353/353 157/354/354
f 181/352/352 154/355/355 158/356/356 182/353/353
f 158/356/356 154/355/355 183/357/357 184/358/358
f 183/357/357 155/359/359 159/360/360 184/358/358
f 170/361/361 185/362/362 186/363/363 169/364/364
f 185/362/362 156/365/365 160/366/366 186/363/363
f 188/367/367 153/351/351 157/354/354 187/368/368
f 188/367/367 187/368/368 162/369/369 161/370/370
f 190/371/371 167/372/372 168/373/373 189/374/374
f 190/371/371 189/374/374 163/375/375 164/376/376
f 166/377/377 164/376/376 163/375/375 165/378/378
f 176/379/379 160/366/366 156/365/365 175/380/380
f 176/379/379 175/380/380 168/373/373 167/372/372
f 159/360/360 155/359/359 177/381/381 178/382/382
f 177/381/381 170/361/361 169/364/364 178/382/382
f 180/383/383 166/377/377 165/378/378 179/384/384
f 171/385/385 172/386/386 180/383/383 179/384/384
f 173/387/387 174/388/388 172/386/386 171/385/385
s 31
f 181/389/389 153/390/390 191/391/391 192/392/392
s 32
f 157/393/393 182/394/394 193/395/395 194/396/396
s 31
f 154/397/397 181/389/389 192/392/392 195/398/398
s 32
f 182/394/394 158/399/399 196/400/400 193/395/395
s 31
f 183/401/401 154/397/397 195/398/398 197/402/402
s 32
f 158/399/399 184/403/403 198/404/404 196/400/400
s 31
f 155/405/405 183/401/401 197/402/402 199/406/406
s 32
f 184/403/403 159/407/407 200/408/408 198/404/404
s 31
f 185/409/409 170/410/410 201/411/411 202/412/412
s 32
f 169/413/413 186/414/414 203/415/415 204/416/416
s 31
f 156/417/417 185/409/409 202/412/412 205/418/418
s 32
f 186/414/414 160/419/419 206/420/420 203/415/415
s 31
f 153/390/390 188/421/421 207/422/422 191/391/391
s 32
f 187/423/423 157/393/393 194/396/396 208/424/424
f 209/425/425 162/426/426 187/423/423 208/424/424
s 31
f 188/421/421 161/427/427 210/428/428 207/422/422
s 32
f 167/429/429 190/430/430 212/431/431 211/432/432
s 31
f 189/433/433 168/434/434 213/435/435 214/436/436
f 163/437/437 189/433/433 214/436/436 215/438/438
s 32
f 190/430/430 164/439/439 216/440/440 212/431/431
f 164/439/439 166/441/441 217/442/442 216/440/440
s 31
f 165/443/443 163/437/437 215/438/438 218/444/444
s 32
f 160/419/419 176/445/445 219/446/446 206/420/420
s 31
f 175/447/447 156/417/417 205/418/418 220/448/448
f 168/434/434 175/447/447 220/448/448 213/435/435
s 32
f 176/445/445 167/429/429 211/432/432 219/446/446
s 31
f 177/449/449 155/405/405 199/406/406 221/450/450
s 32
f 159/407/407 178/451/451 222/452/452 200/408/408
s 31
f 170/410/410 177/449/449 221/450/450 201/411/411
s 32
f 178/451/451 169/413/413 204/416/416 222/452/452
f 166/441/441 180/453/453 223/454/454 217/442/442
s 31
f 179/455/455 165/443/443 218/444/444 224/456/456
f 225/457/457 171/458/458 179/455/455 224/456/456
s 32
f 172/459/459 226/460/460 223/454/454 180/453/453
f 174/461/461 227/462/462 226/460/460 172/459/459
s 31
f 228/463/463 173/464/464 171/458/458 225/457/457
s off
f 227/465/465 174/466/466 173/467/467 228/468/468
s 37
f 267/469/469 270/470/470 269/471/471 268/472/472
f 268/472/472 269/471/471 272/473/473 271/474/474
f 272/473/473 274/475/475 273/476/476 271/474/474
f 273/476/476 274/475/475 276/477/477 275/478/478
f 277/479/479 280/480/480 279/481/481 278/482/482
f 278/482/482 279/481/481 282/483/483 281/484/484
f 283/485/485 284/486/486 270/470/470 267/469/469
f 283/485/485 286/487/487 285/488/488 284/486/486
f 288/489/489 290/490/490 289/491/491 287/492/492
f 288/489/489 292/493/493 291/494/494 290/490/490
f 293/495/495 294/496/496 291/494/494 292/493/493
f 295/497/497 296/498/498 281/484/484 282/483/483
f 295/497/497 287/492/492 289/491/491 296/498/498
f 276/477/477 298/499/499 297/500/500 275/478/478
f 297/500/500 298/499/499 280/480/480 277/479/479
f 299/501/501 300/502/502 294/496/496 293/495/495
f 302/503/503 301/504/504 300/502/502 299/501/501
f 303/505/505 304/506/506 301/504/504 302/503/503
s 40
f 229/507/507 257/508/508 258/509/509 233/510/510
f 257/508/508 230/511/511 234/512/512 258/509/509
f 234/512/512 230/511/511 259/513/513 260/514/514
f 259/513/513 231/515/515 235/516/516 260/514/514
f 246/517/517 261/518/518 262/519/519 245/520/520
f 261/518/518 232/521/521 236/522/522 262/519/519
f 264/523/523 229/507/507 233/510/510 263/524/524
f 264/523/523 263/524/524 238/525/525 237/526/526
f 266/527/527 243/528/528 244/529/529 265/530/530
f 266/527/527 265/530/530 239/531/531 240/532/532
f 242/533/533 240/532/532 239/531/531 241/534/534
f 252/535/535 236/522/522 232/521/521 251/536/536
f 252/535/535 251/536/536 244/529/529 243/528/528
f 235/516/516 231/515/515 253/537/537 254/538/538
f 253/537/537 246/517/517 245/520/520 254/538/538
f 256/539/539 242/533/533 241/534/534 255/540/540
f 247/541/541 248/542/542 256/539/539 255/540/540
f 249/543/543 250/544/544 248/542/542 247/541/541
s 43
f 257/545/545 229/546/546 267/547/547 268/548/548
s 44
f 233/549/549 258/550/550 269/551/551 270/552/552
s 43
f 230/553/553 257/545/545 268/548/548 271/554/554
s 44
f 258/550/550 234/555/555 272/556/556 269/551/551
s 43
f 259/557/557 230/553/553 271/554/554 273/558/558
s 44
f 234/555/555 260/559/559 274/560/560 272/556/556
s 43
f 231/561/561 259/557/557 273/558/558 275/562/562
s 44
f 260/559/559 235/563/563 276/564/564 274/560/560
s 43
f 261/565/565 246/566/566 277/567/567 278/568/568
s 44
f 245/569/569 262/570/570 279/571/571 280/572/572
s 43
f 232/573/573 261/565/565 278/568/568 281/574/574
s 44
f 262/570/570 236/575/575 282/576/576 279/571/571
s 43
f 229/546/546 264/577/577 283/578/578 267/547/547
s 44
f 263/579/579 233/549/549 270/552/552 284/580/580
f 285/581/581 238/582/582 263/579/579 284/580/580
s 43
f 264/577/577 237/583/583 286/584/584 283/578/578
s 44
f 243/585/585 266/586/586 288/587/587 287/588/588
s 43
f 265/589/589 244/590/590 289/591/591 290/592/592
f 239/593/593 265/589/589 290/592/592 291/594/594
s 44
f 266/586/586 240/595/595 292/596/596 288/587/587
f 240/595/595 242/597/597 293/598/598 292/596/596
s 43
f 241/599/599 239/593/593 291/594/594 294/600/600
s 44
f 236/575/575 252/601/601 295/602/602 282/576/576
s 43
f 251/603/603 232/573/573 281/574/574 296/604/604
f 244/590/590 251/603/603 296/604/604 289/591/591
s 44
f 252/601/601 243/585/585 287/588/588 295/602/602
s 43
f 253/605/605 231/561/561 275/562/562 297/606/606
s 44
f 235/563/563 254/607/607 298/608/608 276/564/564
s 43
f 246/566/566 253/605/605 297/606/606 277/567/567
s 44
f 254/607/607 245/569/569 280/572/572 298/608/608
f 242/597/597 256/609/609 299/610/610 293/598/598
s 43
f 255/611/611 241/599/599 294/600/600 300/612/612
f 301/613/613 247/614/614 255/611/611 300/612/612
s 44
f 248/615/615 302/616/616 299/610/610 256/609/609
f 250/617/617 303/618/618 302/616/616 248/615/615
s 43
f 304/619/619 249/620/620 247/614/614 301/613/613
s off
f 303/621/621 250/622/622 249/623/623 304/624/624
s 49
f 343/625/625 323/626/626 324/627/627 344/628/628
f 343/625/625 342/629/629 322/630/630 323/626/626
f 342/629/629 341/631/631 321/632/632 322/630/630
f 341/631/631 340/633/633 320/634/634 321/632/632
f 340/633/633 339/635/635 319/636/636 320/634/634
f 339/635/635 338/637/637 318/638/638 319/636/636
f 338/637/637 337/639/639 317/640/640 318/638/638
f 337/639/639 336/641/641 316/642/642 317/640/640
f 336/641/641 335/643/643 315/644/644 316/642/642
f 335/643/643 334/645/645 314/646/646 315/644/644
f 334/645/645 333/647/647 313/648/648 314/646/646
f 333/647/647 332/649/649 312/650/650 313/648/648
f 332/649/649 331/651/651 311/652/652 312/650/650
f 331/651/651 330/653/653 310/654/654 311/652/652
f 330/655/655 329/656/656 309/657/657 310/658/658
f 329/656/656 328/659/659 308/660/660 309/657/657
f 328/659/659 327/661/661 307/662/662 308/660/660
f 327/661/661 326/663/663 306/664/664 307/662/662
f 326/663/663 325/665/665 305/666/666 306/664/664
f 325/665/665 344/628/628 324/627/627 305/666/666
s 51
f 352/667/667 351/668/668 349/669/669 350/670/670
f 352/667/667 354/671/671 353/672/672 351/668/668
f 354/671/671 356/673/673 355/674/674 353/672/672
f 356/673/673 358/675/675 357/676/676 355/674/674
f 358/675/675 360/677/677 359/678/678 357/676/676
f 360/677/677 362/679/679 361/680/680 359/678/678
f 362/679/679 364/681/681 363/682/682 361/680/680
f 364/681/681 366/683/683 365/684/684 363/682/682
f 366/683/683 368/685/685 367/686/686 365/684/684
f 368/685/685 370/687/687 369/688/688 367/686/686
f 370/687/687 372/689/689 371/690/690 369/688/688
f 372/689/689 374/691/691 373/692/692 371/690/690
f 374/691/691 376/693/693 375/694/694 373/692/692
f 376/693/693 378/695/695 377/696/696 375/694/694
f 378/695/695 380/697/697 379/698/698 377/696/696
f 380/697/697 382/699/699 381/700/700 379/698/698
f 382/699/699 384/701/701 383/702/702 381/700/700
f 384/701/701 348/703/703 345/704/704 383/702/702
f 348/703/703 347/705/705 346/706/706 345/704/704
f 347/705/705 350/670/670 349/669/669 346/706/706
s 52
f 348/707/707 325/708/708 326/709/709 347/710/710
f 348/707/707 384/711/711 344/712/712 325/708/708
f 384/711/711 382/713/713 343/714/714 344/712/712
f 382/713/713 380/715/715 342/716/716 343/714/714
f 380/715/715 378/717/717 341/718/718 342/716/716
f 378/717/717 376/719/719 340/720/720 341/718/718
f 376/719/719 374/721/721 339/722/722 340/720/720
f 374/721/721 372/723/723 338/724/724 339/722/722
f 372/723/723 370/725/725 337/726/726 338/724/724
f 370/725/725 368/727/727 336/728/728 337/726/726
f 368/727/727 366/729/729 335/730/730 336/728/728
f 366/729/729 364/731/731 334/732/732 335/730/730
f 364/731/731 362/733/733 333/734/734 334/732/732
f 362/733/733 360/735/735 332/736/736 333/734/734
f 360/735/735 358/737/737 331/738/738 332/736/736
f 358/737/737 356/739/739 330/740/740 331/738/738
f 356/741/741 354/742/742 329/743/743 330/744/744
f 354/742/742 352/745/745 328/746/746 329/743/743
f 352/745/745 350/747/747 327/748/748 328/746/746
f 350/747/747 347/710/710 326/709/709 327/748/748
s 54
f 345/749/749 305/750/750 324/751/751 383/752/752
f 345/749/749 346/753/753 306/754/754 305/750/750
f 346/753/753 349/755/755 307/756/756 306/754/754
f 349/755/755 351/757/757 308/758/758 307/756/756
f 351/757/757 353/759/759 309/760/760 308/758/758
f 353/759/759 355/761/761 310/762/762 309/760/760
f 355/763/763 357/764/764 311/765/765 310/766/766
f 357/764/764 359/767/767 312/768/768 311/765/765
f 359/767/767 361/769/769 313/770/770 312/768/768
f 361/769/769 363/771/771 314/772/772 313/770/770
f 363/771/771 365/773/773 315/774/774 314/772/772
f 365/773/773 367/775/775 316/776/776 315/774/774
f 367/775/775 369/777/777 317/778/778 316/776/776
f 369/777/777 371/779/779 318/780/780 317/778/778
f 371/779/779 373/781/781 319/782/782 318/780/780
f 373/781/781 375/783/783 320/784/784 319/782/782
f 375/783/783 377/785/785 321/786/786 320/784/784
f 377/785/785 379/787/787 322/788/788 321/786/786
f 379/787/787 381/789/789 323/790/790 322/788/788
f 381/789/789 383/752/752 324/751/751 323/790/790
s 56
f 423/791/791 426/792/792 425/793/793 424/794/794
f 424/794/794 425/793/793 428/795/795 427/796/796
f 428/795/795 430/797/797 429/798/798 427/796/796
f 429/798/798 430/797/797 432/799/799 431/800/800
f 433/801/801 436/802/802 435/803/803 434/804/804
f 434/804/804 435/803/803 438/805/805 437/806/806
f 439/807/807 440/808/808 426/792/792 423/791/791
f 439/807/807 442/809/809 441/810/810 440/808/808
f 444/811/811 446/812/812 445/813/813 443/814/814
f 444/811/811 448/815/815 447/816/816 446/812/812
f 449/817/817 450/818/818 447/816/816 448/815/815
f 451/819/819 452/820/820 437/806/806 438/805/805
f 451/819/819 443/814/814 445/813/813 452/820/820
f 432/799/799 454/821/821 453/822/822 431/800/800
f 453/822/822 454/821/821 436/802/802 433/801/801
f 455/823/823 456/824/824 450/818/818 449/817/817
f 458/825/825 457/826/826 456/824/824 455/823/823
f 459/827/827 460/828/828 457/826/826 458/825/825
s 59
f 385/829/829 413/830/830 414/831/831 389/832/832
f 413/830/830 386/833/833 390/834/834 414/831/831
f 390/834/834 386/833/833 415/835/835 416/836/836
f 415/835/835 387/837/837 391/838/838 416/836/836
f 402/839/839 417/840/840 418/841/841 401/842/842
f 417/840/840 388/843/843 392/844/844 418/841/841
f 420/845/845 385/829/829 389/832/832 419/846/846
f 420/845/845 419/846/846 394/847/847 393/848/848
f 422/849/849 399/850/850 400/851/851 421/852/852
f 422/849/849 421/852/852 395/853/853 396/854/854
f 398/855/855 396/854/854 395/853/853 397/856/856
f 408/857/857 392/844/844 388/843/843 407/858/858
f 408/857/857 407/858/858 400/851/851 399/850/850
f 391/838/838 387/837/837 409/859/859 410/860/860
f 409/859/859 402/839/839 401/842/842 410/860/860
f 412/861/861 398/855/855 397/856/856 411/862/862
f 403/863/863 404/864/864 412/861/861 411/862/862
f 405/865/865 406/866/866 404/864/864 403/863/863
s 62
f 413/867/867 385/868/868 423/869/869 424/870/870
s 63
f 389/871/871 414/872/872 425/873/873 426/874/874
s 62
f 386/875/875 413/867/867 424/870/870 427/876/876
s 63
f 414/872/872 390/877/877 428/878/878 425/873/873
s 62
f 415/879/879 386/875/875 427/876/876 429/880/880
s 63
f 390/877/877 416/881/881 430/882/882 428/878/878
s 62
f 387/883/883 415/879/879 429/880/880 431/884/884
s 63
f 416/881/881 391/885/885 432/886/886 430/882/882
s 62
f 417/887/887 402/888/888 433/889/889 434/890/890
s 63
f 401/891/891 418/892/892 435/893/893 436/894/894
s 62
f 388/895/895 417/887/887 434/890/890 437/896/896
s 63
f 418/892/892 392/897/897 438/898/898 435/893/893
s 62
f 385/868/868 420/899/899 439/900/900 423/869/869
s 63
f 419/901/901 389/871/871 426/874/874 440/902/902
f 441/903/903 394/904/904 419/901/901 440/902/902
s 62
f 420/899/899 393/905/905 442/906/906 439/900/900
s 63
f 399/907/907 422/908/908 444/909/909 443/910/910
s 62
f 421/911/911 400/912/912 445/913/913 446/914/914
f 395/915/915 421/911/911 446/914/914 447/916/916
s 63
f 422/908/908 396/917/917 448/918/918 444/909/909
f 396/917/917 398/919/919 449/920/920 448/918/918
s 62
f 397/921/921 395/915/915 447/916/916 450/922/922
s 63
f 392/897/897 408/923/923 451/924/924 438/898/898
s 62
f 407/925/925 388/895/895 437/896/896 452/926/926
f 400/912/912 407/925/925 452/926/926 445/913/913
s 63
f 408/923/923 399/907/907 443/910/910 451/924/924
s 62
f 409/927/927 387/883/883 431/884/884 453/928/928
s 63
f 391/885/885 410/929/929 454/930/930 432/886/886
s 62
f 402/888/888 409/927/927 453/928/928 433/889/889
s 63
f 410/929/929 401/891/891 436/894/894 454/930/930
f 398/919/919 412/931/931 455/932/932 449/920/920
s 62
f 411/933/933 397/921/921 450/922/922 456/934/934
f 457/935/935 403/936/936 411/933/933 456/934/934
s 63
f 404/937/937 458/938/938 455/932/932 412/931/931
f 406/939/939 459/940/940 458/938/938 404/937/937
s 62
f 460/941/941 405/942/942 403/936/936 457/935/935
s off
f 459/943/943 406/944/944 405/945/945 460/946/946
s 68
f 499/947/947 502/948/948 501/949/949 500/950/950
f 500/950/950 501/949/949 504/951/951 503/952/952
f 504/951/951 506/953/953 505/954/954 503/952/952
f 505/954/954 506/953/953 508/955/955 507/956/956
f 509/957/957 512/958/958 511/959/959 510/960/960
f 510/960/960 511/959/959 514/961/961 513/962/962
f 515/963/963 516/964/964 502/948/948 499/947/947
f 515/963/963 518/965/965 517/966/966 516/964/964
f 520/967/967 522/968/968 521/969/969 519/970/970
f 520/967/967 524/971/971 523/972/972 522/968/968
f 525/973/973 526/974/974 523/972/972 524/971/971
f 527/975/975 528/976/976 513/962/962 514/961/961
f 527/975/975 519/970/970 521/969/969 528/976/976
f 508/955/955 530/977/977 529/978/978 507/956/956
f 529/978/978 530/977/977 512/958/958 509/957/957
f 531/979/979 532/980/980 526/974/974 525/973/973
f 534/981/981 533/982/982 532/980/980 531/979/979
f 535/983/983 536/984/984 533/982/982 534/981/981
s 71
f 461/985/985 489/986/986 490/987/987 465/988/988
f 489/986/986 462/989/989 466/990/990 490/987/987
f 466/990/990 462/989/989 491/991/991 492/992/992
f 491/991/991 463/993/993 467/994/994 492/992/992
f 478/995/995 493/996/996 494/997/997 477/998/998
f 493/996/996 464/999/999 468/1000/1000 494/997/997
f 496/1001/1001 461/985/985 465/988/988 495/1002/1002
f 496/1001/1001 495/1002/1002 470/1003/1003 469/1004/1004
f 498/1005/1005 475/1006/1006 476/1007/1007 497/1008/1008
f 498/1005/1005 497/1008/1008 471/1009/1009 472/1010/1010
f 474/1011/1011 472/1010/1010 471/1009/1009 473/1012/1012
f 484/1013/1013 468/1000/1000 464/999/999 483/1014/1014
f 484/1013/1013 483/1014/1014 476/1007/1007 475/1006/1006
f 467/994/994 463/993/993 485/1015/1015 486/1016/1016
f 485/1015/1015 478/995/995 477/998/998 486/1016/1016
f 488/1017/1017 474/1011/1011 473/1012/1012 487/1018/1018
f 479/1019/1019 480/1020/1020 488/1017/1017 487/1018/1018
f 481/1021/1021 482/1022/1022 480/1020/1020 479/1019/1019
s 74
f 489/1023/1023 461/1024/1024 499/1025/1025 500/1026/1026
s 75
f 465/1027/1027 490/1028/1028 501/1029/1029 502/1030/1030
s 74
f 462/1031/1031 489/1023/1023 500/1026/1026 503/1032/1032
s 75
f 490/1028/1028 466/1033/1033 504/1034/1034 501/1029/1029
s 74
f 491/1035/1035 462/1031/1031 503/1032/1032 505/1036/1036
s 75
f 466/1033/1033 492/1037/1037 506/1038/1038 504/1034/1034
s 74
f 463/1039/1039 491/1035/1035 505/1036/1036 507/1040/1040
s 75
f 492/1037/1037 467/1041/1041 508/1042/1042 506/1038/1038
s 74
f 493/1043/1043 478/1044/1044 509/1045/1045 510/1046/1046
s 75
f 477/1047/1047 494/1048/1048 511/1049/1049 512/1050/1050
s 74
f 464/1051/1051 493/1043/1043 510/1046/1046 513/1052/1052
s 75
f 494/1048/1048 468/1053/1053 514/1054/1054 511/1049/1049
s 74
f 461/1024/1024 496/1055/1055 515/1056/1056 499/1025/1025
s 75
f 495/1057/1057 465/1027/1027 502/1030/1030 516/1058/1058
f 517/1059/1059 470/1060/1060 495/1057/1057 516/1058/1058
s 74
f 496/1055/1055 469/1061/1061 518/1062/1062 515/1056/1056
s 75
f 475/1063/1063 498/1064/1064 520/1065/1065 519/1066/1066
s 74
f 497/1067/1067 476/1068/1068 521/1069/1069 522/1070/1070
f 471/1071/1071 497/1067/1067 522/1070/1070 523/1072/1072
s 75
f 498/1064/1064 472/1073/1073 524/1074/1074 520/1065/1065
f 472/1073/1073 474/1075/1075 525/1076/1076 524/1074/1074
s 74
f 473/1077/1077 471/1071/1071 523/1072/1072 526/1078/1078
s 75
f 468/1053/1053 484/1079/1079 527/1080/1080 514/1054/1054
s 74
f 483/1081/1081 464/1051/1051 513/1052/1052 528/1082/1082
f 476/1068/1068 483/1081/1081 528/1082/1082 521/1069/1069
s 75
f 484/1079/1079 475/1063/1063 519/1066/1066 527/1080/1080
s 74
f 485/1083/1083 463/1039/1039 507/1040/1040 529/1084/1084
s 75
f 467/1041/1041 486/1085/1085 530/1086/1086 508/1042/1042
s 74
f 478/1044/1044 485/1083/1083 529/1084/1084 509/1045/1045
s 75
f 486/1085/1085 477/1047/1047 512/1050/1050 530/1086/1086
f 474/1075/1075 488/1087/1087 531/1088/1088 525/1076/1076
s 74
f 487/1089/1089 473/1077/1077 526/1078/1078 532/1090/1090
f 533/1091/1091 479/1092/1092 487/1089/1089 532/1090/1090
s 75
f 480/1093/1093 534/1094/1094 531/1088/1088 488/1087/1087
f 482/1095/1095 535/1096/1096 534/1094/1094 480/1093/1093
s 74
f 536/1097/1097 481/1098/1098 479/1092/1092 533/1091/1091
s off
f 535/1099/1099 482/1100/1100 481/1101/1101 536/1102/1102
s 80
f 575/1103/1103 578/1104/1104 577/1105/1105 576/1106/1106
f 576/1106/1106 577/1105/1105 580/1107/1107 579/1108/1108
f 580/1107/1107 582/1109/1109 581/1110/1110 579/1108/1108
f 581/1110/1110 582/1109/1109 584/1111/1111 583/1112/1112
f 585/1113/1113 588/1114/1114 587/1115/1115 586/1116/1116
f 586/1116/1116 587/1115/1115 590/1117/1117 589/1118/1118
f 591/1119/1119 592/1120/1120 578/1104/1104 575/1103/1103
f 591/1119/1119 594/1121/1121 593/1122/1122 592/1120/1120
f 596/1123/1123 598/1124/1124 597/1125/1125 595/1126/1126
f 596/1123/1123 600/1127/1127 599/1128/1128 598/1124/1124
f 601/1129/1129 602/1130/1130 599/1128/1128 600/1127/1127
f 603/1131/1131 604/1132/1132 589/1118/1118 590/1117/1117
f 603/1131/1131 595/1126/1126 597/1125/1125 604/1132/1132
f 584/1111/1111 606/1133/1133 605/1134/1134 583/1112/1112
f 605/1134/1134 606/1133/1133 588/1114/1114 585/1113/1113
f 607/1135/1135 608/1136/1136 602/1130/1130 601/1129/1129
f 610/1137/1137 609/1138/1138 608/1136/1136 607/1135/1135
f 611/1139/1139 612/1140/1140 609/1138/1138 610/1137/1137
s 83
f 537/1141/1141 565/1142/1142 566/1143/1143 541/1144/1144
f 565/1142/1142 538/1145/1145 542/1146/1146 566/1143/1143
f 542/1146/1146 538/1145/1145 567/1147/1147 568/1148/1148
f 567/1147/1147 539/1149/1149 543/1150/1150 568/1148/1148
f 554/1151/1151 569/1152/1152 570/1153/1153 553/1154/1154
f 569/1152/1152 540/1155/1155 544/1156/1156 570/1153/1153
f 572/1157/1157 537/1141/1141 541/1144/1144 571/1158/1158
f 572/1157/1157 571/1158/1158 546/1159/1159 545/1160/1160
f 574/1161/1161 551/1162/1162 552/1163/1163 573/1164/1164
f 574/1161/1161 573/1164/1164 547/1165/1165 548/1166/1166
f 550/1167/1167 548/1166/1166 547/1165/1165 549/1168/1168
f 560/1169/1169 544/1156/1156 540/1155/1155 559/1170/1170
f 560/1169/1169 559/1170/1170 552/1163/1163 551/1162/1162
f 543/1150/1150 539/1149/1149 561/1171/1171 562/1172/1172
f 561/1171/1171 554/1151/1151 553/1154/1154 562/1172/1172
f 564/1173/1173 550/1167/1167 549/1168/1168 563/1174/1174
f 555/1175/1175 556/1176/1176 564/1173/1173 563/1174/1174
f 557/1177/1177 558/1178/1178 556/1176/1176 555/1175/1175
s 86
f 565/1179/1179 537/1180/1180 575/1181/1181 576/1182/1182
s 87
f 541/1183/1183 566/1184/1184 577/1185/1185 578/1186/1186
s 86
f 538/1187/1187 565/1179/1179 576/1182/1182 579/1188/1188
s 87
f 566/1184/1184 542/1189/1189 580/1190/1190 577/1185/1185
s 86
f 567/1191/1191 538/1187/1187 579/1188/1188 581/1192/1192
s 87
f 542/1189/1189 568/1193/1193 582/1194/1194 580/1190/1190
s 86
f 539/1195/1195 567/1191/1191 581/1192/1192 583/1196/1196
s 87
f 568/1193/1193 543/1197/1197 584/1198/1198 582/1194/1194
s 86
f 569/1199/1199 554/1200/1200 585/1201/1201 586/1202/1202
s 87
f 553/1203/1203 570/1204/1204 587/1205/1205 588/1206/1206
s 86
f 540/1207/1207 569/1199/1199 586/1202/1202 589/1208/1208
s 87
f 570/1204/1204 544/1209/1209 590/1210/1210 587/1205/1205
s 86
f 537/1180/1180 572/1211/1211 591/1212/1212 575/1181/1181
s 87
f 571/1213/1213 541/1183/1183 578/1186/1186 592/1214/1214
f 593/1215/1215 546/1216/1216 571/1213/1213 592/1214/1214
s 86
f 572/1211/1211 545/1217/1217 594/1218/1218 591/1212/1212
s 87
f 551/1219/1219 574/1220/1220 596/1221/1221 595/1222/1222
s 86
f 573/1223/1223 552/1224/1224 597/1225/1225 598/1226/1226
f 547/1227/1227 573/1223/1223 598/1226/1226 599/1228/1228
s 87
f 574/1220/1220 548/1229/1229 600/1230/1230 596/1221/1221
f 548/1229/1229 550/1231/1231 601/1232/1232 600/1230/1230
s 86
f 549/1233/1233 547/1227/1227 599/1228/1228 602/1234/1234
s 87
f 544/1209/1209 560/1235/1235 603/1236/1236 590/1210/1210
s 86
f 559/1237/1237 540/1207/1207 589/1208/1208 604/1238/1238
f 552/1224/1224 559/1237/1237 604/1238/1238 597/1225/1225
s 87
f 560/1235/1235 551/1219/1219 595/1222/1222 603/1236/1236
s 86
f 561/1239/1239 539/1195/1195 583/1196/1196 605/1240/1240
s 87
f 543/1197/1197 562/1241/1241 606/1242/1242 584/1198/1198
s 86
f 554/1200/1200 561/1239/1239 605/1240/1240 585/1201/1201
s 87
f 562/1241/1241 553/1203/1203 588/1206/1206 606/1242/1242
f 550/1231/1231 564/1243/1243 607/1244/1244 601/1232/1232
s 86
f 563/1245/1245 549/1233/1233 602/1234/1234 608/1246/1246
f 609/1247/1247 555/1248/1248 563/1245/1245 608/1246/1246
s 87
f 556/1249/1249 610/1250/1250 607/1244/1244 564/1243/1243
f 558/1251/1251 611/1252/1252 610/1250/1250 556/1249/1249
s 86
f 612/1253/1253 557/1254/1254 555/1248/1248 609/1247/1247
s off
f 611/1255/1255 558/1256/1256 557/1257/1257 612/1258/1258
s 92
f 614/1259/1259 613/1260/1260 615/1261/1261 616/1262/1262
f 617/1263/1263 618/1264/1264 620/1265/1265 619/1266/1266
f 613/1260/1260 617/1267/1267 619/1268/1268 615/1261/1261
f 618/1264/1264 614/1259/1259 616/1262/1262 620/1265/1265
s 93
f 659/1269/1269 662/1270/1270 661/1271/1271 660/1272/1272
f 660/1272/1272 661/1271/1271 664/1273/1273 663/1274/1274
f 664/1273/1273 666/1275/1275 665/1276/1276 663/1274/1274
f 665/1276/1276 666/1275/1275 668/1277/1277 667/1278/1278
f 669/1279/1279 672/1280/1280 671/1281/1281 670/1282/1282
f 670/1282/1282 671/1281/1281 674/1283/1283 673/1284/1284
f 675/1285/1285 676/1286/1286 662/1270/1270 659/1269/1269
f 675/1285/1285 678/1287/1287 677/1288/1288 676/1286/1286
f 680/1289/1289 682/1290/1290 681/1291/1291 679/1292/1292
f 680/1289/1289 684/1293/1293 683/1294/1294 682/1290/1290
f 685/1295/1295 686/1296/1296 683/1294/1294 684/1293/1293
f 687/1297/1297 688/1298/1298 673/1284/1284 674/1283/1283
f 687/1297/1297 679/1292/1292 681/1291/1291 688/1298/1298
f 668/1277/1277 690/1299/1299 689/1300/1300 667/1278/1278
f 689/1300/1300 690/1299/1299 672/1280/1280 669/1279/1279
f 691/1301/1301 692/1302/1302 686/1296/1296 685/1295/1295
f 694/1303/1303 693/1304/1304 692/1302/1302 691/1301/1301
f 695/1305/1305 696/1306/1306 693/1304/1304 694/1303/1303
s 96
f 621/1307/1307 649/1308/1308 650/1309/1309 625/1310/1310
f 649/1308/1308 622/1311/1311 626/1312/1312 650/1309/1309
f 626/1312/1312 622/1311/1311 651/1313/1313 652/1314/1314
f 651/1313/1313 623/1315/1315 627/1316/1316 652/1314/1314
f 638/1317/1317 653/1318/1318 654/1319/1319 637/1320/1320
f 653/1318/1318 624/1321/1321 628/1322/1322 654/1319/1319
f 656/1323/1323 621/1307/1307 625/1310/1310 655/1324/1324
f 656/1323/1323 655/1324/1324 630/1325/1325 629/1326/1326
f 658/1327/1327 635/1328/1328 636/1329/1329 657/1330/1330
f 658/1327/1327 657/1330/1330 631/1331/1331 632/1332/1332
f 634/1333/1333 632/1332/1332 631/1331/1331 633/1334/1334
f 644/1335/1335 628/1322/1322 624/1321/1321 643/1336/1336
f 644/1335/1335 643/1336/1336 636/1329/1329 635/1328/1328
f 627/1316/1316 623/1315/1315 645/1337/1337 646/1338/1338
f 645/1337/1337 638/1317/1317 637/1320/1320 646/1338/1338
f 648/1339/1339 634/1333/1333 633/1334/1334 647/1340/1340
f 639/1341/1341 640/1342/1342 648/1339/1339 647/1340/1340
f 641/1343/1343 642/1344/1344 640/1342/1342 639/1341/1341
s 99
f 649/1345/1345 621/1346/1346 659/1347/1347 660/1348/1348
s 100
f 625/1349/1349 650/1350/1350 661/1351/1351 662/1352/1352
s 99
f 622/1353/1353 649/1345/1345 660/1348/1348 663/1354/1354
s 100
f 650/1350/1350 626/1355/1355 664/1356/1356 661/1351/1351
s 99
f 651/1357/1357 622/1353/1353 663/1354/1354 665/1358/1358
s 100
f 626/1355/1355 652/1359/1359 666/1360/1360 664/1356/1356
s 99
f 623/1361/1361 651/1357/1357 665/1358/1358 667/1362/1362
s 100
f 652/1359/1359 627/1363/1363 668/1364/1364 666/1360/1360
s 99
f 653/1365/1365 638/1366/1366 669/1367/1367 670/1368/1368
s 100
f 637/1369/1369 654/1370/1370 671/1371/1371 672/1372/1372
s 99
f 624/1373/1373 653/1365/1365 670/1368/1368 673/1374/1374
s 100
f 654/1370/1370 628/1375/1375 674/1376/1376 671/1371/1371
s 99
f 621/1346/1346 656/1377/1377 675/1378/1378 659/1347/1347
s 100
f 655/1379/1379 625/1349/1349 662/1352/1352 676/1380/1380
f 677/1381/1381 630/1382/1382 655/1379/1379 676/1380/1380
s 99
f 656/1377/1377 629/1383/1383 678/1384/1384 675/1378/1378
s 100
f 635/1385/1385 658/1386/1386 680/1387/1387 679/1388/1388
s 99
f 657/1389/1389 636/1390/1390 681/1391/1391 682/1392/1392
f 631/1393/1393 657/1389/1389 682/1392/1392 683/1394/1394
s 100
f 658/1386/1386 632/1395/1395 684/1396/1396 680/1387/1387
f 632/1395/1395 634/1397/1397 685/1398/1398 684/1396/1396
s 99
f 633/1399/1399 631/1393/1393 683/1394/1394 686/1400/1400
s 100
f 628/1375/1375 644/1401/1401 687/1402/1402 674/1376/1376
s 99
f 643/1403/1403 624/1373/1373 673/1374/1374 688/1404/1404
f 636/1390/1390 643/1403/1403 688/1404/1404 681/1391/1391
s 100
f 644/1401/1401 635/1385/1385 679/1388/1388 687/1402/1402
s 99
f 645/1405/1405 623/1361/1361 667/1362/1362 689/1406/1406
s 100
f 627/1363/1363 646/1407/1407 690/1408/1408 668/1364/1364
s 99
f 638/1366/1366 645/1405/1405 689/1406/1406 669/1367/1367
s 100
f 646/1407/1407 637/1369/1369 672/1372/1372 690/1408/1408
f 634/1397/1397 648/1409/1409 691/1410/1410 685/1398/1398
s 99
f 647/1411/1411 633/1399/1399 686/1400/1400 692/1412/1412
f 693/1413/1413 639/1414/1414 647/1411/1411 692/1412/1412
s 100
f 640/1415/1415 694/1416/1416 691/1410/1410 648/1409/1409
f 642/1417/1417 695/1418/1418 694/1416/1416 640/1415/1415
s 99
f 696/1419/1419 641/1420/1420 639/1414/1414 693/1413/1413
s off
f 695/1421/1421 642/1422/1422 641/1423/1423 696/1424/1424
f 697/1425/1425 698/1426/1426 700/1427/1427 699/1428/1428
s 105
f 702/1429/1429 701/1430/1430 699/1431/1431 700/1432/1432
f 697/1433/1433 703/1434/1434 704/1435/1435 698/1436/1436
f 698/1437/1437 704/1438/1438 702/1429/1429 700/1432/1432
f 703/1434/1434 697/1433/1433 699/1431/1431 701/1430/1430
s 106
f 717/1439/1439 718/1440/1440 716/1441/1441 715/1442/1442
f 718/1440/1440 728/1443/1443 725/1444/1444 716/1441/1441
f 715/1442/1442 719/1445/1445 720/1446/1446 717/1439/1439
f 729/1447/1447 720/1446/1446 719/1445/1445 732/1448/1448
f 722/1449/1449 721/1450/1450 723/1451/1451 724/1452/1452
s 107
f 707/1453/1453 708/1454/1454 706/1455/1455 705/1456/1456
f 727/1457/1457 706/1455/1455 708/1454/1454 726/1458/1458
f 709/1459/1459 710/1460/1460 707/1453/1453 705/1456/1456
f 709/1459/1459 730/1461/1461 731/1462/1462 710/1460/1460
f 712/1463/1463 711/1464/1464 713/1465/1465 714/1466/1466
s 108
f 716/1467/1467 708/1468/1468 707/1469/1469 715/1470/1470
s 109
f 706/1471/1471 718/1472/1472 717/1473/1473 705/1474/1474
s 108
f 726/1475/1475 708/1468/1468 716/1467/1467 725/1476/1476
s 109
f 718/1472/1472 706/1471/1471 727/1477/1477 728/1478/1478
s 108
f 710/1479/1479 719/1480/1480 715/1470/1470 707/1469/1469
s 109
f 720/1481/1481 709/1482/1482 705/1474/1474 717/1473/1473
s 108
f 719/1480/1480 710/1479/1479 731/1483/1483 732/1484/1484
s 109
f 729/1485/1485 730/1486/1486 709/1482/1482 720/1481/1481
s 108
f 721/1487/1487 712/1488/1488 714/1489/1489 723/1490/1490
s off
f 713/1491/1491 724/1492/1492 723/1493/1493 714/1494/1494
s 109
f 711/1495/1495 722/1496/1496 724/1497/1497 713/1498/1498
f 730/1486/1486 729/1485/1485 722/1496/1496 711/1495/1495
s 107
f 712/1463/1463 731/1462/1462 730/1461/1461 711/1464/1464
s 108
f 732/1484/1484 731/1483/1483 712/1488/1488 721/1487/1487
s 106
f 722/1449/1449 729/1447/1447 732/1448/1448 721/1450/1450
s 110
f 738/1499/1499 747/1500/1500 756/1501/1501 755/1502/1502
f 726/1503/1503 725/1504/1504 744/1505/1505 736/1506/1506
s 112
f 734/1507/1507 746/1508/1508 728/1509/1509 727/1510/1510
f 753/1511/1511 748/1512/1512 737/1513/1513 754/1514/1514
s 110
f 735/1515/1515 743/1516/1516 747/1500/1500 738/1499/1499
s 112
f 748/1512/1512 745/1517/1517 733/1518/1518 737/1513/1513
s 110
f 743/1516/1516 735/1515/1515 736/1506/1506 744/1505/1505
s 112
f 733/1518/1518 745/1517/1517 746/1508/1508 734/1507/1507
f 739/1519/1519 750/1520/1520 753/1511/1511 754/1514/1514
s 110
f 749/1521/1521 740/1522/1522 755/1502/1502 756/1501/1501
s 114
f 744/1523/1523 725/1524/1524 728/1525/1525 746/1526/1526
f 746/1526/1526 745/1527/1527 743/1528/1528 744/1523/1523
f 743/1528/1528 745/1527/1527 748/1529/1529 747/1530/1530
f 756/1531/1531 747/1530/1530 748/1529/1529 753/1532/1532
f 753/1532/1532 750/1533/1533 749/1534/1534 756/1531/1531
s off
f 742/1535/1535 751/1536/1536 752/1537/1537 741/1538/1538
s 115
f 740/1539/1539 739/1540/1540 754/1541/1541 755/1542/1542
f 738/1543/1543 755/1542/1542 754/1541/1541 737/1544/1544
f 737/1544/1544 733/1545/1545 735/1546/1546 738/1543/1543
f 735/1546/1546 733/1545/1545 734/1547/1547 736/1548/1548
f 727/1549/1549 726/1550/1550 736/1548/1548 734/1547/1547
s 114
f 752/1551/1551 751/1552/1552 749/1534/1534 750/1533/1533
s 112
f 741/1553/1553 752/1554/1554 750/1520/1520 739/1519/1519
s 115
f 742/1555/1555 741/1556/1556 739/1540/1540 740/1539/1539
s 110
f 749/1521/1521 751/1557/1557 742/1558/1558 740/1522/1522
s 116
f 757/1559/1559 1119/1560/1560 1369/1561/1561 1122/1562/1562
f 1119/1560/1560 758/1563/1563 1120/1564/1564 1369/1561/1561
f 1369/1561/1561 1120/1564/1564 768/1565/1565 1121/1566/1566
f 1122/1562/1562 1369/1561/1561 1121/1566/1566 767/1567/1567
f 758/1563/1563 1123/1568/1568 1370/1569/1569 1120/1564/1564
f 1123/1568/1568 759/1570/1570 1124/1571/1571 1370/1569/1569
f 1370/1569/1569 1124/1571/1571 769/1572/1572 1125/1573/1573
f 1120/1564/1564 1370/1569/1569 1125/1573/1573 768/1565/1565
f 759/1574/1574 1126/1575/1575 1371/1576/1576 1124/1577/1577
f 1126/1575/1575 760/1578/1578 1127/1579/1579 1371/1576/1576
f 1371/1576/1576 1127/1579/1579 770/1580/1580 1128/1581/1581
f 1124/1577/1577 1371/1576/1576 1128/1581/1581 769/1582/1582
f 760/1578/1578 1129/1583/1583 1372/1584/1584 1127/1579/1579
f 1129/1583/1583 761/1585/1585 1130/1586/1586 1372/1584/1584
f 1372/1584/1584 1130/1586/1586 771/1587/1587 1131/1588/1588
f 1127/1579/1579 1372/1584/1584 1131/1588/1588 770/1580/1580
f 761/1585/1585 1132/1589/1589 1373/1590/1590 1130/1586/1586
f 1132/1589/1589 762/1591/1591 1133/1592/1592 1373/1590/1590
f 1373/1590/1590 1133/1592/1592 772/1593/1593 1134/1594/1594
f 1130/1586/1586 1373/1590/1590 1134/1594/1594 771/1587/1587
f 762/1591/1591 1135/1595/1595 1374/1596/1596 1133/1592/1592
f 1135/1595/1595 763/1597/1597 1136/1598/1598 1374/1596/1596
f 1374/1596/1596 1136/1598/1598 773/1599/1599 1137/1600/1600
f 1133/1592/1592 1374/1596/1596 1137/1600/1600 772/1593/1593
f 763/1597/1597 1138/1601/1601 1375/1602/1602 1136/1598/1598
f 1138/1601/1601 764/1603/1603 1139/1604/1604 1375/1602/1602
f 1375/1602/1602 1139/1604/1604 774/1605/1605 1140/1606/1606
f 1136/1598/1598 1375/1602/1602 1140/1606/1606 773/1599/1599
f 764/1603/1603 1141/1607/1607 1376/1608/1608 1139/1604/1604
f 1141/1607/1607 765/1609/1609 1142/1610/1610 1376/1608/1608
f 1376/1608/1608 1142/1610/1610 775/1611/1611 1143/1612/1612
f 1139/1604/1604 1376/1608/1608 1143/1612/1612 774/1605/1605
f 765/1609/1609 1144/1613/1613 1377/1614/1614 1142/1610/1610
f 1144/1613/1613 766/1615/1615 1145/1616/1616 1377/1614/1614
f 1377/1614/1614 1145/1616/1616 776/1617/1617 1146/1618/1618
f 1142/1610/1610 1377/1614/1614 1146/1618/1618 775/1611/1611
f 766/1615/1615 1147/1619/1619 1378/1620/1620 1145/1616/1616
f 1147/1619/1619 757/1559/1559 1122/1562/1562 1378/1620/1620
f 1378/1620/1620 1122/1562/1562 767/1567/1567 1148/1621/1621
f 1145/1616/1616 1378/1620/1620 1148/1621/1621 776/1617/1617
f 767/1567/1567 1121/1566/1566 1379/1622/1622 1151/1623/1623
f 1121/1566/1566 768/1565/1565 1149/1624/1624 1379/1622/1622
f 1379/1622/1622 1149/1624/1624 778/1625/1625 1150/1626/1626
f 1151/1623/1623 1379/1622/1622 1150/1626/1626 777/1627/1627
f 768/1565/1565 1125/1573/1573 1380/1628/1628 1149/1624/1624
f 1125/1573/1573 769/1572/1572 1152/1629/1629 1380/1628/1628
f 1380/1628/1628 1152/1629/1629 779/1630/1630 1153/1631/1631
f 1149/1624/1624 1380/1628/1628 1153/1631/1631 778/1625/1625
f 769/1582/1582 1128/1581/1581 1381/1632/1632 1152/1633/1633
f 1128/1581/1581 770/1580/1580 1154/1634/1634 1381/1632/1632
f 1381/1632/1632 1154/1634/1634 780/1635/1635 1155/1636/1636
f 1152/1633/1633 1381/1632/1632 1155/1636/1636 779/1637/1637
f 770/1580/1580 1131/1588/1588 1382/1638/1638 1154/1634/1634
f 1131/1588/1588 771/1587/1587 1156/1639/1639 1382/1638/1638
f 1382/1638/1638 1156/1639/1639 781/1640/1640 1157/1641/1641
f 1154/1634/1634 1382/1638/1638 1157/1641/1641 780/1635/1635
f 771/1587/1587 1134/1594/1594 1383/1642/1642 1156/1639/1639
f 1134/1594/1594 772/1593/1593 1158/1643/1643 1383/1642/1642
f 1383/1642/1642 1158/1643/1643 782/1644/1644 1159/1645/1645
f 1156/1639/1639 1383/1642/1642 1159/1645/1645 781/1640/1640
f 772/1593/1593 1137/1600/1600 1384/1646/1646 1158/1643/1643
f 1137/1600/1600 773/1599/1599 1160/1647/1647 1384/1646/1646
f 1384/1646/1646 1160/1647/1647 783/1648/1648 1161/1649/1649
f 1158/1643/1643 1384/1646/1646 1161/1649/1649 782/1644/1644
f 773/1599/1599 1140/1606/1606 1385/1650/1650 1160/1647/1647
f 1140/1606/1606 774/1605/1605 1162/1651/1651 1385/1650/1650
f 1385/1650/1650 1162/1651/1651 784/1652/1652 1163/1653/1653
f 1160/1647/1647 1385/1650/1650 1163/1653/1653 783/1648/1648
f 774/1605/1605 1143/1612/1612 1386/1654/1654 1162/1651/1651
f 1143/1612/1612 775/1611/1611 1164/1655/1655 1386/1654/1654
f 1386/1654/1654 1164/1655/1655 785/1656/1656 1165/1657/1657
f 1162/1651/1651 1386/1654/1654 1165/1657/1657 784/1652/1652
f 775/1611/1611 1146/1618/1618 1387/1658/1658 1164/1655/1655
f 1146/1618/1618 776/1617/1617 1166/1659/1659 1387/1658/1658
f 1387/1658/1658 1166/1659/1659 786/1660/1660 1167/1661/1661
f 1164/1655/1655 1387/1658/1658 1167/1661/1661 785/1656/1656
f 776/1617/1617 1148/1621/1621 1388/1662/1662 1166/1659/1659
f 1148/1621/1621 767/1567/1567 1151/1623/1623 1388/1662/1662
f 1388/1662/1662 1151/1623/1623 777/1627/1627 1168/1663/1663
f 1166/1659/1659 1388/1662/1662 1168/1663/1663 786/1660/1660
f 777/1627/1627 1150/1626/1626 1389/1664/1664 1171/1665/1665
f 1150/1626/1626 778/1625/1625 1169/1666/1666 1389/1664/1664
f 1389/1664/1664 1169/1666/1666 788/1667/1667 1170/1668/1668
f 1171/1665/1665 1389/1664/1664 1170/1668/1668 787/1669/1669
f 778/1625/1625 1153/1631/1631 1390/1670/1670 1169/1666/1666
f 1153/1631/1631 779/1630/1630 1172/1671/1671 1390/1670/1670
f 1390/1670/1670 1172/1671/1671 789/1672/1672 1173/1673/1673
f 1169/1666/1666 1390/1670/1670 1173/1673/1673 788/1667/1667
f 779/1637/1637 1155/1636/1636 1391/1674/1674 1172/1675/1675
f 1155/1636/1636 780/1635/1635 1174/1676/1676 1391/1674/1674
f 1391/1674/1674 1174/1676/1676 790/1677/1677 1175/1678/1678
f 1172/1675/1675 1391/1674/1674 1175/1678/1678 789/1679/1679
f 780/1635/1635 1157/1641/1641 1392/1680/1680 1174/1676/1676
f 1157/1641/1641 781/1640/1640 1176/1681/1681 1392/1680/1680
f 1392/1680/1680 1176/1681/1681 791/1682/1682 1177/1683/1683
f 1174/1676/1676 1392/1680/1680 1177/1683/1683 790/1677/1677
f 781/1640/1640 1159/1645/1645 1393/1684/1684 1176/1681/1681
f 1159/1645/1645 782/1644/1644 1178/1685/1685 1393/1684/1684
f 1393/1684/1684 1178/1685/1685 792/1686/1686 1179/1687/1687
f 1176/1681/1681 1393/1684/1684 1179/1687/1687 791/1682/1682
f 782/1644/1644 1161/1649/1649 1394/1688/1688 1178/1685/1685
f 1161/1649/1649 783/1648/1648 1180/1689/1689 1394/1688/1688
f 1394/1688/1688 1180/1689/1689 793/1690/1690 1181/1691/1691
f 1178/1685/1685 1394/1688/1688 1181/1691/1691 792/1686/1686
f 783/1648/1648 1163/1653/1653 1395/1692/1692 1180/1689/1689
f 1163/1653/1653 784/1652/1652 1182/1693/1693 1395/1692/1692
f 1395/1692/1692 1182/1693/1693 794/1694/1694 1183/1695/1695
f 1180/1689/1689 1395/1692/1692 1183/1695/1695 793/1690/1690
f 784/1652/1652 1165/1657/1657 1396/1696/1696 1182/1693/1693
f 1165/1657/1657 785/1656/1656 1184/1697/1697 1396/1696/1696
f 1396/1696/1696 1184/1697/1697 795/1698/1698 1185/1699/1699
f 1182/1693/1693 1396/1696/1696 1185/1699/1699 794/1694/1694
f 785/1656/1656 1167/1661/1661 1397/1700/1700 1184/1697/1697
f 1167/1661/1661 786/1660/1660 1186/1701/1701 1397/1700/1700
f 1397/1700/1700 1186/1701/1701 796/1702/1702 1187/1703/1703
f 1184/1697/1697 1397/1700/1700 1187/1703/1703 795/1698/1698
f 786/1660/1660 1168/1663/1663 1398/1704/1704 1186/1701/1701
f 1168/1663/1663 777/1627/1627 1171/1665/1665 1398/1704/1704
f 1398/1704/1704 1171/1665/1665 787/1669/1669 1188/1705/1705
f 1186/1701/1701 1398/1704/1704 1188/1705/1705 796/1702/1702
f 787/1669/1669 1170/1668/1668 1399/1706/1706 1191/1707/1707
f 1170/1668/1668 788/1667/1667 1189/1708/1708 1399/1706/1706
f 1399/1706/1706 1189/1708/1708 804/1709/1709 1190/1710/1710
f 1191/1707/1707 1399/1706/1706 1190/1710/1710 805/1711/1711
f 788/1667/1667 1173/1673/1673 1400/1712/1712 1189/1708/1708
f 1173/1673/1673 789/1672/1672 1192/1713/1713 1400/1712/1712
f 1400/1712/1712 1192/1713/1713 803/1714/1714 1193/1715/1715
f 1189/1708/1708 1400/1712/1712 1193/1715/1715 804/1709/1709
f 789/1679/1679 1175/1678/1678 1401/1716/1716 1192/1717/1717
f 1175/1678/1678 790/1677/1677 1194/1718/1718 1401/1716/1716
f 1401/1716/1716 1194/1718/1718 802/1719/1719 1195/1720/1720
f 1192/1717/1717 1401/1716/1716 1195/1720/1720 803/1721/1721
f 790/1677/1677 1177/1683/1683 1402/1722/1722 1194/1718/1718
f 1177/1683/1683 791/1682/1682 1196/1723/1723 1402/1722/1722
f 1402/1722/1722 1196/1723/1723 801/1724/1724 1197/1725/1725
f 1194/1718/1718 1402/1722/1722 1197/1725/1725 802/1719/1719
f 791/1682/1682 1179/1687/1687 1403/1726/1726 1196/1723/1723
f 1179/1687/1687 792/1686/1686 1198/1727/1727 1403/1726/1726
f 1403/1726/1726 1198/1727/1727 800/1728/1728 1199/1729/1729
f 1196/1723/1723 1403/1726/1726 1199/1729/1729 801/1724/1724
f 792/1686/1686 1181/1691/1691 1404/1730/1730 1198/1727/1727
f 1181/1691/1691 793/1690/1690 1200/1731/1731 1404/1730/1730
f 1404/1730/1730 1200/1731/1731 799/1732/1732 1201/1733/1733
f 1198/1727/1727 1404/1730/1730 1201/1733/1733 800/1728/1728
f 793/1690/1690 1183/1695/1695 1405/1734/1734 1200/1731/1731
f 1183/1695/1695 794/1694/1694 1202/1735/1735 1405/1734/1734
f 1405/1734/1734 1202/1735/1735 798/1736/1736 1203/1737/1737
f 1200/1731/1731 1405/1734/1734 1203/1737/1737 799/1732/1732
f 794/1694/1694 1185/1699/1699 1406/1738/1738 1202/1735/1735
f 1185/1699/1699 795/1698/1698 1204/1739/1739 1406/1738/1738
f 1406/1738/1738 1204/1739/1739 807/1740/1740 1205/1741/1741
f 1202/1735/1735 1406/1738/1738 1205/1741/1741 798/1736/1736
f 795/1698/1698 1187/1703/1703 1407/1742/1742 1204/1739/1739
f 1187/1703/1703 796/1702/1702 1206/1743/1743 1407/1742/1742
f 1407/1742/1742 1206/1743/1743 806/1744/1744 1207/1745/1745
f 1204/1739/1739 1407/1742/1742 1207/1745/1745 807/1740/1740
f 796/1702/1702 1188/1705/1705 1408/1746/1746 1206/1743/1743
f 1188/1705/1705 787/1669/1669 1191/1707/1707 1408/1746/1746
f 1408/1746/1746 1191/1707/1707 805/1711/1711 1208/1747/1747
f 1206/1743/1743 1408/1746/1746 1208/1747/1747 806/1744/1744
s 118
f 758/1748/1748 1119/1749/1749 1409/1750/1750 1210/1751/1751
f 757/1752/1752 1209/1753/1753 1409/1750/1750 1119/1749/1749
f 797/1754/1754 1210/1751/1751 1409/1750/1750 1209/1753/1753
f 759/1755/1755 1123/1756/1756 1410/1757/1757 1211/1758/1758
f 758/1748/1748 1210/1751/1751 1410/1757/1757 1123/1756/1756
f 797/1754/1754 1211/1758/1758 1410/1757/1757 1210/1751/1751
f 760/1759/1759 1126/1760/1760 1411/1761/1761 1212/1762/1762
f 759/1755/1755 1211/1758/1758 1411/1761/1761 1126/1760/1760
f 797/1754/1754 1212/1762/1762 1411/1761/1761 1211/1758/1758
f 761/1763/1763 1129/1764/1764 1412/1765/1765 1213/1766/1766
f 760/1759/1759 1212/1762/1762 1412/1765/1765 1129/1764/1764
f 797/1754/1754 1213/1766/1766 1412/1765/1765 1212/1762/1762
f 762/1767/1767 1132/1768/1768 1413/1769/1769 1214/1770/1770
f 761/1763/1763 1213/1766/1766 1413/1769/1769 1132/1768/1768
f 797/1754/1754 1214/1770/1770 1413/1769/1769 1213/1766/1766
f 763/1771/1771 1135/1772/1772 1414/1773/1773 1215/1774/1774
f 762/1767/1767 1214/1770/1770 1414/1773/1773 1135/1772/1772
f 797/1754/1754 1215/1774/1774 1414/1773/1773 1214/1770/1770
f 764/1775/1775 1138/1776/1776 1415/1777/1777 1216/1778/1778
f 763/1771/1771 1215/1774/1774 1415/1777/1777 1138/1776/1776
f 797/1754/1754 1216/1778/1778 1415/1777/1777 1215/1774/1774
f 765/1779/1779 1141/1780/1780 1416/1781/1781 1217/1782/1782
f 764/1775/1775 1216/1778/1778 1416/1781/1781 1141/1780/1780
f 797/1754/1754 1217/1782/1782 1416/1781/1781 1216/1778/1778
f 766/1783/1783 1144/1784/1784 1417/1785/1785 1218/1786/1786
f 765/1779/1779 1217/1782/1782 1417/1785/1785 1144/1784/1784
f 797/1754/1754 1218/1786/1786 1417/1785/1785 1217/1782/1782
f 757/1752/1752 1147/1787/1787 1418/1788/1788 1209/1753/1753
f 766/1783/1783 1218/1786/1786 1418/1788/1788 1147/1787/1787
f 797/1754/1754 1209/1753/1753 1418/1788/1788 1218/1786/1786
s 119
f 799/1789/1789 1203/1790/1790 1105/1791/1791 809/1792/1792
f 1203/1790/1790 798/1793/1793 808/1794/1794 1105/1791/1791
f 800/1795/1795 1201/1796/1796 1103/1797/1797 810/1798/1798
f 1201/1796/1796 799/1789/1789 809/1792/1792 1103/1797/1797
f 801/1799/1799 1199/1800/1800 1101/1801/1801 811/1802/1802
f 1199/1800/1800 800/1795/1795 810/1798/1798 1101/1801/1801
f 802/1803/1803 1197/1804/1804 1099/1805/1805 812/1806/1806
f 1197/1804/1804 801/1799/1799 811/1802/1802 1099/1805/1805
f 803/1807/1807 1195/1808/1808 1097/1809/1809 813/1810/1810
f 1195/1808/1808 802/1803/1803 812/1806/1806 1097/1809/1809
f 804/1811/1811 1193/1812/1812 1095/1813/1813 814/1814/1814
f 1193/1812/1812 803/1807/1807 813/1810/1810 1095/1813/1813
f 805/1815/1815 1190/1816/1816 1093/1817/1817 815/1818/1818
f 1190/1816/1816 804/1811/1811 814/1814/1814 1093/1817/1817
f 806/1819/1819 1208/1820/1820 1091/1821/1821 816/1822/1822
f 1208/1820/1820 805/1815/1815 815/1818/1818 1091/1821/1821
f 1089/1823/1823 1207/1824/1824 806/1819/1819 816/1822/1822
f 808/1794/1794 798/1793/1793 1205/1825/1825 1107/1826/1826
f 1205/1825/1825 807/1827/1827 817/1828/1828 1107/1826/1826
s 120
f 1017/1829/1829 1219/1830/1830 1220/1831/1831 819/1832/1832
f 1219/1830/1830 1018/1833/1833 818/1834/1834 1220/1831/1831
f 1016/1835/1835 1221/1836/1836 1222/1837/1837 820/1838/1838
f 1221/1836/1836 1017/1829/1829 819/1832/1832 1222/1837/1837
f 1015/1839/1839 1223/1840/1840 1224/1841/1841 821/1842/1842
f 1223/1840/1840 1016/1835/1835 820/1838/1838 1224/1841/1841
f 1014/1843/1843 1225/1844/1844 1226/1845/1845 822/1846/1846
f 1225/1844/1844 1015/1839/1839 821/1842/1842 1226/1845/1845
f 1013/1847/1847 1227/1848/1848 1228/1849/1849 823/1850/1850
f 1227/1848/1848 1014/1843/1843 822/1846/1846 1228/1849/1849
f 1012/1851/1851 1229/1852/1852 1230/1853/1853 824/1854/1854
f 1229/1852/1852 1013/1855/1855 823/1856/1856 1230/1853/1853
f 1011/1857/1857 1231/1858/1858 1232/1859/1859 825/1860/1860
f 1231/1858/1858 1012/1851/1851 824/1854/1854 1232/1859/1859
f 1010/1861/1861 1233/1862/1862 1234/1863/1863 826/1864/1864
f 1233/1862/1862 1011/1857/1857 825/1860/1860 1234/1863/1863
f 1236/1865/1865 827/1866/1866 1009/1867/1867 1235/1868/1868
f 1236/1865/1865 1235/1868/1868 1010/1861/1861 826/1864/1864
f 818/1834/1834 1018/1833/1833 1237/1869/1869 1238/1870/1870
f 1237/1869/1869 1009/1867/1867 827/1866/1866 1238/1870/1870
s 129
f 988/1871/1871 901/1872/1872 1239/1873/1873
f 988/1871/1871 1239/1873/1873 902/1874/1874
f 988/1871/1871 1240/1875/1875 898/1876/1876
f 988/1871/1871 903/1877/1877 1241/1878/1878
f 988/1871/1871 1241/1878/1878 904/1879/1879
f 988/1871/1871 1242/1880/1880 901/1872/1872
f 988/1871/1871 905/1881/1881 1243/1882/1882
f 988/1871/1871 1243/1882/1882 906/1883/1883
f 988/1871/1871 1244/1884/1884 903/1877/1877
s 132
f 839/1885/1885 1245/1886/1886 1255/1887/1887 841/1888/1888
f 1245/1886/1886 838/1889/1889 840/1890/1890 1255/1887/1887
f 838/1889/1889 1246/1891/1891 1256/1892/1892 840/1890/1890
f 1246/1891/1891 842/1893/1893 843/1894/1894 1256/1892/1892
f 845/1895/1895 1247/1896/1896 1257/1897/1897 847/1898/1898
f 1247/1896/1896 844/1899/1899 846/1900/1900 1257/1897/1897
f 844/1899/1899 1248/1901/1901 1258/1902/1902 846/1900/1900
f 1248/1901/1901 839/1885/1885 841/1888/1888 1258/1902/1902
f 849/1903/1903 1249/1904/1904 1259/1905/1905 851/1906/1906
f 1249/1904/1904 848/1907/1907 850/1908/1908 1259/1905/1905
f 848/1907/1907 1250/1909/1909 1260/1910/1910 850/1908/1908
f 1250/1909/1909 845/1895/1895 847/1898/1898 1260/1910/1910
f 853/1911/1911 1251/1912/1912 1261/1913/1913 855/1914/1914
f 1251/1912/1912 852/1915/1915 854/1916/1916 1261/1913/1913
f 852/1915/1915 1252/1917/1917 1262/1918/1918 854/1916/1916
f 1252/1917/1917 849/1919/1919 851/1920/1920 1262/1918/1918
f 856/1921/1921 1254/1922/1922 1264/1923/1923 857/1924/1924
f 1254/1922/1922 853/1911/1911 855/1914/1914 1264/1923/1923
s 136
f 819/1925/1925 1220/1926/1926 1245/1927/1927 839/1928/1928
f 1220/1926/1926 818/1929/1929 838/1930/1930 1245/1927/1927
f 818/1929/1929 1238/1931/1931 1246/1932/1932 838/1930/1930
f 1238/1931/1931 827/1933/1933 842/1934/1934 1246/1932/1932
f 821/1935/1935 1224/1936/1936 1247/1937/1937 845/1938/1938
f 1224/1936/1936 820/1939/1939 844/1940/1940 1247/1937/1937
f 820/1939/1939 1222/1941/1941 1248/1942/1942 844/1940/1940
f 1222/1941/1941 819/1925/1925 839/1928/1928 1248/1942/1942
f 823/1943/1943 1228/1944/1944 1249/1945/1945 849/1946/1946
f 1228/1944/1944 822/1947/1947 848/1948/1948 1249/1945/1945
f 822/1947/1947 1226/1949/1949 1250/1950/1950 848/1948/1948
f 1226/1949/1949 821/1935/1935 845/1938/1938 1250/1950/1950
f 825/1951/1951 1232/1952/1952 1251/1953/1953 853/1954/1954
f 1232/1952/1952 824/1955/1955 852/1956/1956 1251/1953/1953
f 824/1955/1955 1230/1957/1957 1252/1958/1958 852/1956/1956
f 1230/1957/1957 823/1959/1959 849/1960/1960 1252/1958/1958
f 826/1961/1961 1234/1962/1962 1254/1963/1963 856/1964/1964
f 1234/1962/1962 825/1951/1951 853/1954/1954 1254/1963/1963
s 140
f 1264/1965/1965 855/1966/1966 835/1967/1967 1283/1968/1968
f 857/1969/1969 1264/1965/1965 1283/1968/1968 837/1970/1970
s 141
f 828/1971/1971 1265/1972/1972 1266/1973/1973 1001/1974/1974
f 1265/1972/1972 829/1975/1975 1000/1976/1976 1266/1973/1973
f 1000/1976/1976 829/1975/1975 1267/1977/1977 1268/1978/1978
f 1267/1977/1977 830/1979/1979 999/1980/1980 1268/1978/1978
f 831/1981/1981 1269/1982/1982 1270/1983/1983 1003/1984/1984
f 1269/1982/1982 832/1985/1985 1002/1986/1986 1270/1983/1983
f 1002/1986/1986 832/1985/1985 1271/1987/1987 1272/1988/1988
f 1271/1987/1987 828/1971/1971 1001/1974/1974 1272/1988/1988
f 833/1989/1989 1273/1990/1990 1274/1991/1991 1005/1992/1992
f 1273/1990/1990 834/1993/1993 1004/1994/1994 1274/1991/1991
f 1004/1994/1994 834/1993/1993 1275/1995/1995 1276/1996/1996
f 1275/1995/1995 831/1981/1981 1003/1984/1984 1276/1996/1996
f 835/1997/1997 1277/1998/1998 1278/1999/1999 1007/2000/2000
f 1277/1998/1998 836/2001/2001 1006/2002/2002 1278/1999/1999
f 1006/2002/2002 836/2001/2001 1279/2003/2003 1280/2004/2004
f 1279/2003/2003 833/2005/2005 1005/2006/2006 1280/2004/2004
f 1008/2007/2007 1281/2008/2008 1282/2009/2009 837/2010/2010
f 1281/2008/2008 999/1980/1980 830/1979/1979 1282/2009/2009
f 1008/2007/2007 837/2010/2010 1283/2011/2011 1284/2012/2012
f 1283/2011/2011 835/1997/1997 1007/2000/2000 1284/2012/2012
s 146
f 858/2013/2013 1285/2014/2014 1309/2015/2015 868/2016/2016
f 1285/2014/2014 859/2017/2017 869/2018/2018 1309/2015/2015
f 859/2017/2017 1286/2019/2019 1310/2020/2020 869/2018/2018
f 1286/2019/2019 860/2021/2021 870/2022/2022 1310/2020/2020
f 861/2023/2023 1287/2024/2024 1311/2025/2025 871/2026/2026
f 1287/2024/2024 862/2027/2027 872/2028/2028 1311/2025/2025
f 862/2027/2027 1288/2029/2029 1312/2030/2030 872/2028/2028
f 1288/2029/2029 858/2013/2013 868/2016/2016 1312/2030/2030
f 863/2031/2031 1289/2032/2032 1313/2033/2033 873/2034/2034
f 1289/2032/2032 864/2035/2035 874/2036/2036 1313/2033/2033
f 864/2035/2035 1290/2037/2037 1314/2038/2038 874/2036/2036
f 1290/2037/2037 861/2023/2023 871/2026/2026 1314/2038/2038
f 865/2039/2039 1291/2040/2040 1315/2041/2041 875/2042/2042
f 1291/2040/2040 866/2043/2043 876/2044/2044 1315/2041/2041
f 866/2043/2043 1292/2045/2045 1316/2046/2046 876/2044/2044
f 1292/2045/2045 863/2047/2047 873/2048/2048 1316/2046/2046
f 1317/2049/2049 1293/2050/2050 867/2051/2051 877/2052/2052
f 867/2051/2051 1294/2053/2053 1318/2054/2054 877/2052/2052
f 1294/2053/2053 865/2039/2039 875/2042/2042 1318/2054/2054
s 150
f 1301/2055/2055 895/2056/2056 885/2057/2057 1327/2058/2058
s 151
f 1243/2059/2059 905/2060/2060 895/2061/2061 1301/2062/2062
f 906/2063/2063 1243/2059/2059 1301/2062/2062 896/2064/2064
s 152
f 868/2065/2065 1309/2066/2066 1067/2067/2067 934/2068/2068
f 1067/2067/2067 1309/2066/2066 869/2069/2069 932/2070/2070
f 869/2069/2069 1310/2071/2071 1068/2072/2072 932/2070/2070
f 1068/2072/2072 1310/2071/2071 870/2073/2073 930/2074/2074
f 871/2075/2075 1311/2076/2076 1065/2077/2077 938/2078/2078
f 1065/2077/2077 1311/2076/2076 872/2079/2079 936/2080/2080
f 872/2079/2079 1312/2081/2081 1066/2082/2082 936/2080/2080
f 1066/2082/2082 1312/2081/2081 868/2065/2065 934/2068/2068
f 873/2083/2083 1313/2084/2084 1063/2085/2085 942/2086/2086
f 1063/2085/2085 1313/2084/2084 874/2087/2087 940/2088/2088
f 874/2087/2087 1314/2089/2089 1064/2090/2090 940/2088/2088
f 1064/2090/2090 1314/2089/2089 871/2075/2075 938/2078/2078
f 875/2091/2091 1315/2092/2092 1061/2093/2093 946/2094/2094
f 1061/2093/2093 1315/2092/2092 876/2095/2095 944/2096/2096
f 876/2095/2095 1316/2097/2097 1062/2098/2098 944/2096/2096
f 1062/2098/2098 1316/2097/2097 873/2099/2099 942/2100/2100
f 877/2101/2101 1318/2102/2102 1060/2103/2103 929/2104/2104
f 1060/2103/2103 1318/2102/2102 875/2091/2091 946/2094/2094
s 156
f 887/2105/2105 1319/2106/2106 1331/2107/2107 908/2108/2108
f 1319/2106/2106 880/2109/2109 911/2110/2110 1331/2107/2107
f 879/2111/2111 1321/2112/2112 1335/2113/2113 913/2114/2114
f 1321/2112/2112 878/2115/2115 915/2116/2116 1335/2113/2113
f 878/2115/2115 1322/2117/2117 1337/2118/2118 915/2116/2116
f 1322/2117/2117 882/2119/2119 917/2120/2120 1337/2118/2118
f 882/2119/2119 1323/2121/2121 1339/2122/2122 917/2120/2120
f 1323/2121/2121 881/2123/2123 919/2124/2124 1339/2122/2122
f 881/2123/2123 1324/2125/2125 1341/2126/2126 919/2124/2124
f 1324/2125/2125 884/2127/2127 921/2128/2128 1341/2126/2126
f 884/2127/2127 1325/2129/2129 1343/2130/2130 921/2128/2128
f 1325/2129/2129 883/2131/2131 923/2132/2132 1343/2130/2130
f 883/2133/2133 1326/2134/2134 1345/2135/2135 923/2136/2136
f 1326/2134/2134 886/2137/2137 925/2138/2138 1345/2135/2135
f 886/2137/2137 1327/2139/2139 1347/2140/2140 925/2138/2138
f 1327/2139/2139 885/2141/2141 927/2142/2142 1347/2140/2140
f 885/2141/2141 1328/2143/2143 1330/2144/2144 927/2142/2142
f 1328/2143/2143 887/2105/2105 908/2108/2108 1330/2144/2144
s 159
f 927/2145/2145 1330/2146/2146 1040/2147/2147 951/2148/2148
f 1330/2146/2146 908/2149/2149 948/2150/2150 1040/2147/2147
f 908/2149/2149 1331/2151/2151 1039/2152/2152 948/2150/2150
f 1331/2151/2151 911/2153/2153 952/2154/2154 1039/2152/2152
s 160
f 1332/2155/2155 953/2156/2156 910/2157/2157 1029/2158/2158
s 159
f 913/2159/2159 1335/2160/2160 1047/2161/2161 954/2162/2162
f 1335/2160/2160 915/2163/2163 956/2164/2164 1047/2161/2161
f 915/2163/2163 1337/2165/2165 1046/2166/2166 956/2164/2164
f 1337/2165/2165 917/2167/2167 958/2168/2168 1046/2166/2166
f 917/2167/2167 1339/2169/2169 1045/2170/2170 958/2168/2168
f 1339/2169/2169 919/2171/2171 960/2172/2172 1045/2170/2170
f 919/2171/2171 1341/2173/2173 1044/2174/2174 960/2172/2172
f 1341/2173/2173 921/2175/2175 962/2176/2176 1044/2174/2174
f 921/2175/2175 1343/2177/2177 1043/2178/2178 962/2176/2176
f 1343/2177/2177 923/2179/2179 964/2180/2180 1043/2178/2178
f 923/2181/2181 1345/2182/2182 1042/2183/2183 964/2184/2184
f 1345/2182/2182 925/2185/2185 966/2186/2186 1042/2183/2183
f 925/2185/2185 1347/2187/2187 1041/2188/2188 966/2186/2186
f 1347/2187/2187 927/2145/2145 951/2148/2148 1041/2188/2188
s 163
f 947/2189/2189 1350/2190/2190 1050/2191/2191 971/2192/2192
f 1350/2190/2190 928/2193/2193 968/2194/2194 1050/2191/2191
f 928/2193/2193 1351/2195/2195 1049/2196/2196 968/2194/2194
f 1351/2195/2195 931/2197/2197 972/2198/2198 1049/2196/2196
s 164
f 1352/2199/2199 973/2200/2200 930/2201/2201 1059/2202/2202
s 163
f 933/2203/2203 1355/2204/2204 1057/2205/2205 974/2206/2206
f 1355/2204/2204 935/2207/2207 976/2208/2208 1057/2205/2205
f 935/2207/2207 1357/2209/2209 1056/2210/2210 976/2208/2208
f 1357/2209/2209 937/2211/2211 978/2212/2212 1056/2210/2210
f 937/2211/2211 1359/2213/2213 1055/2214/2214 978/2212/2212
f 1359/2213/2213 939/2215/2215 980/2216/2216 1055/2214/2214
f 939/2215/2215 1361/2217/2217 1054/2218/2218 980/2216/2216
f 1361/2217/2217 941/2219/2219 982/2220/2220 1054/2218/2218
f 941/2219/2219 1363/2221/2221 1053/2222/2222 982/2220/2220
f 1363/2221/2221 943/2223/2223 984/2224/2224 1053/2222/2222
f 943/2225/2225 1365/2226/2226 1052/2227/2227 984/2228/2228
f 1365/2226/2226 945/2229/2229 986/2230/2230 1052/2227/2227
f 945/2229/2229 1367/2231/2231 1051/2232/2232 986/2230/2230
f 1367/2231/2231 947/2189/2189 971/2192/2192 1051/2232/2232
s 167
f 1368/2233/2233 987/2234/2234 986/2235/2235 1051/2236/2236
f 970/2237/2237 1368/2233/2233 1051/2236/2236 971/2238/2238
f 987/2234/2234 1366/2239/2239 1052/2240/2240 986/2235/2235
f 1366/2239/2239 985/2241/2241 984/2242/2242 1052/2240/2240
f 985/2243/2243 1364/2244/2244 1053/2245/2245 984/2246/2246
f 1364/2244/2244 983/2247/2247 982/2248/2248 1053/2245/2245
f 983/2247/2247 1362/2249/2249 1054/2250/2250 982/2248/2248
f 1362/2249/2249 981/2251/2251 980/2252/2252 1054/2250/2250
f 981/2251/2251 1360/2253/2253 1055/2254/2254 980/2252/2252
f 1360/2253/2253 979/2255/2255 978/2256/2256 1055/2254/2254
f 979/2255/2255 1358/2257/2257 1056/2258/2258 978/2256/2256
f 1358/2257/2257 977/2259/2259 976/2260/2260 1056/2258/2258
f 977/2259/2259 1356/2261/2261 1057/2262/2262 976/2260/2260
f 1356/2261/2261 975/2263/2263 974/2264/2264 1057/2262/2262
f 975/2263/2263 1354/2265/2265 1058/2266/2266 974/2264/2264
f 1354/2265/2265 973/2267/2267 972/2268/2268 1058/2266/2266
f 972/2268/2268 973/2267/2267 1352/2269/2269 1049/2270/2270
f 1352/2269/2269 969/2271/2271 968/2272/2272 1049/2270/2270
f 969/2271/2271 1349/2273/2273 1050/2274/2274 968/2272/2272
f 1349/2273/2273 970/2237/2237 971/2238/2238 1050/2274/2274
s 169
f 1348/2275/2275 967/2276/2276 966/2277/2277 1041/2278/2278
f 950/2279/2279 1348/2275/2275 1041/2278/2278 951/2280/2280
f 1042/2281/2281 1346/2282/2282 965/2283/2283 964/2284/2284
f 1043/2285/2285 1344/2286/2286 963/2287/2287 962/2288/2288
f 1044/2289/2289 1342/2290/2290 961/2291/2291 960/2292/2292
f 1045/2293/2293 1340/2294/2294 959/2295/2295 958/2296/2296
f 1046/2297/2297 1338/2298/2298 957/2299/2299 956/2300/2300
f 1047/2301/2301 1336/2302/2302 955/2303/2303 954/2304/2304
f 1048/2305/2305 1334/2306/2306 953/2307/2307 952/2308/2308
f 952/2308/2308 953/2307/2307 1332/2309/2309 1039/2310/2310
f 1332/2309/2309 949/2311/2311 948/2312/2312 1039/2310/2310
f 1040/2313/2313 1329/2314/2314 950/2279/2279 951/2280/2280
s 129
f 898/1876/1876 1305/2315/2315 988/1871/1871
f 1305/2315/2315 899/2316/2316 988/1871/1871
f 988/1871/1871 1306/2317/2317 900/2318/2318
f 988/1871/1871 900/2318/2318 1307/2319/2319
f 988/1871/1871 1307/2319/2319 907/2320/2320
f 988/1871/1871 1308/2321/2321 905/1881/1881
s 171
f 1029/2322/2322 910/2323/2323 931/2324/2324 1351/2325/2325
f 931/2324/2324 910/2323/2323 1030/2326/2326 1353/2327/2327
f 1030/2326/2326 912/2328/2328 933/2329/2329 1353/2327/2327
f 912/2328/2328 1031/2330/2330 1355/2331/2331 933/2329/2329
f 1031/2330/2330 914/2332/2332 935/2333/2333 1355/2331/2331
f 914/2332/2332 1032/2334/2334 1357/2335/2335 935/2333/2333
f 1032/2334/2334 916/2336/2336 937/2337/2337 1357/2335/2335
f 916/2336/2336 1033/2338/2338 1359/2339/2339 937/2337/2337
f 1033/2338/2338 918/2340/2340 939/2341/2341 1359/2339/2339
f 918/2340/2340 1034/2342/2342 1361/2343/2343 939/2341/2341
f 1034/2342/2342 920/2344/2344 941/2345/2345 1361/2343/2343
f 920/2344/2344 1035/2346/2346 1363/2347/2347 941/2345/2345
f 1035/2346/2346 922/2348/2348 943/2349/2349 1363/2347/2347
f 922/2350/2350 1036/2351/2351 1365/2352/2352 943/2353/2353
f 1036/2351/2351 924/2354/2354 945/2355/2355 1365/2352/2352
f 924/2354/2354 1037/2356/2356 1367/2357/2357 945/2355/2355
f 1037/2356/2356 926/2358/2358 947/2359/2359 1367/2357/2357
f 926/2358/2358 1038/2360/2360 1350/2361/2361 947/2359/2359
f 1038/2360/2360 909/2362/2362 928/2363/2363 1350/2361/2361
s 151
f 906/2063/2063 896/2064/2064 1302/2364/2364 1244/2365/2365
f 1302/2364/2364 893/2366/2366 903/2367/2367 1244/2365/2365
f 903/2367/2367 893/2366/2366 1299/2368/2368 1241/2369/2369
f 1299/2368/2368 894/2370/2370 904/2371/2371 1241/2369/2369
f 904/2371/2371 894/2370/2370 1300/2372/2372 1242/2373/2373
f 1300/2372/2372 891/2374/2374 901/2375/2375 1242/2373/2373
f 901/2375/2375 891/2374/2374 1297/2376/2376 1239/2377/2377
f 1297/2376/2376 892/2378/2378 902/2379/2379 1239/2377/2377
f 902/2379/2379 892/2378/2378 1298/2380/2380 1240/2381/2381
f 1298/2380/2380 888/2382/2382 898/2383/2383 1240/2381/2381
f 898/2383/2383 888/2382/2382 1295/2384/2384 1305/2385/2385
f 1295/2384/2384 889/2386/2386 899/2387/2387 1305/2385/2385
f 899/2387/2387 889/2386/2386 1296/2388/2388 1306/2389/2389
f 1296/2388/2388 890/2390/2390 900/2391/2391 1306/2389/2389
f 900/2391/2391 890/2390/2390 1303/2392/2392 1307/2393/2393
f 1303/2392/2392 897/2394/2394 907/2395/2395 1307/2393/2393
f 907/2395/2395 897/2394/2394 1304/2396/2396 1308/2397/2397
f 1304/2396/2396 895/2061/2061 905/2060/2060 1308/2397/2397
s 156
f 1333/2398/2398 1320/2399/2399 879/2111/2111 913/2114/2114
s 150
f 1301/2055/2055 1327/2058/2058 886/2400/2400 896/2401/2401
f 896/2401/2401 886/2400/2400 1326/2402/2402 1302/2403/2403
f 1326/2402/2402 883/2404/2404 893/2405/2405 1302/2403/2403
f 893/2405/2405 883/2404/2404 1325/2406/2406 1299/2407/2407
f 1325/2406/2406 884/2408/2408 894/2409/2409 1299/2407/2407
f 894/2409/2409 884/2408/2408 1324/2410/2410 1300/2411/2411
f 1324/2410/2410 881/2412/2412 891/2413/2413 1300/2411/2411
f 891/2413/2413 881/2412/2412 1323/2414/2414 1297/2415/2415
f 1323/2414/2414 882/2416/2416 892/2417/2417 1297/2415/2415
f 892/2417/2417 882/2416/2416 1322/2418/2418 1298/2419/2419
f 1322/2418/2418 878/2420/2420 888/2421/2421 1298/2419/2419
f 888/2421/2421 878/2420/2420 1321/2422/2422 1295/2423/2423
f 1321/2422/2422 879/2424/2424 889/2425/2425 1295/2423/2423
f 889/2425/2425 879/2424/2424 1320/2426/2426 1296/2427/2427
f 1320/2426/2426 880/2428/2428 890/2429/2429 1296/2427/2427
f 890/2429/2429 880/2428/2428 1319/2430/2430 1303/2431/2431
f 1319/2430/2430 887/2432/2432 897/2433/2433 1303/2431/2431
f 897/2433/2433 887/2432/2432 1328/2434/2434 1304/2435/2435
f 1328/2434/2434 885/2057/2057 895/2056/2056 1304/2435/2435
s 156
f 1333/2398/2398 911/2110/2110 880/2109/2109 1320/2399/2399
s 159
f 1048/2436/2436 1333/2437/2437 913/2159/2159 954/2162/2162
f 1048/2436/2436 952/2154/2154 911/2153/2153 1333/2437/2437
s 169
f 1048/2305/2305 954/2304/2304 955/2303/2303 1334/2306/2306
f 1047/2301/2301 956/2300/2300 957/2299/2299 1336/2302/2302
f 1046/2297/2297 958/2296/2296 959/2295/2295 1338/2298/2298
f 1045/2293/2293 960/2292/2292 961/2291/2291 1340/2294/2294
f 1044/2289/2289 962/2288/2288 963/2287/2287 1342/2290/2290
f 1043/2285/2285 964/2438/2438 965/2439/2439 1344/2286/2286
f 1042/2281/2281 966/2277/2277 967/2276/2276 1346/2282/2282
f 1040/2313/2313 948/2312/2312 949/2311/2311 1329/2314/2314
s 160
f 1332/2155/2155 1029/2158/2158 909/2440/2440 949/2441/2441
f 949/2441/2441 909/2440/2440 1038/2442/2442 1329/2443/2443
f 1038/2442/2442 926/2444/2444 950/2445/2445 1329/2443/2443
f 950/2445/2445 926/2444/2444 1037/2446/2446 1348/2447/2447
f 1037/2446/2446 924/2448/2448 967/2449/2449 1348/2447/2447
f 967/2449/2449 924/2448/2448 1036/2450/2450 1346/2451/2451
f 1036/2450/2450 922/2452/2452 965/2453/2453 1346/2451/2451
f 965/2454/2454 922/2455/2455 1035/2456/2456 1344/2457/2457
f 1035/2456/2456 920/2458/2458 963/2459/2459 1344/2457/2457
f 963/2459/2459 920/2458/2458 1034/2460/2460 1342/2461/2461
f 1034/2460/2460 918/2462/2462 961/2463/2463 1342/2461/2461
f 961/2463/2463 918/2462/2462 1033/2464/2464 1340/2465/2465
f 1033/2464/2464 916/2466/2466 959/2467/2467 1340/2465/2465
f 959/2467/2467 916/2466/2466 1032/2468/2468 1338/2469/2469
f 1032/2468/2468 914/2470/2470 957/2471/2471 1338/2469/2469
f 957/2471/2471 914/2470/2470 1031/2472/2472 1336/2473/2473
f 1031/2472/2472 912/2474/2474 955/2475/2475 1336/2473/2473
f 955/2475/2475 912/2474/2474 1030/2476/2476 1334/2477/2477
f 1030/2476/2476 910/2157/2157 953/2156/2156 1334/2477/2477
s 171
f 1029/2322/2322 1351/2325/2325 928/2363/2363 909/2362/2362
s 163
f 1058/2478/2478 1353/2479/2479 933/2203/2203 974/2206/2206
f 1058/2478/2478 972/2198/2198 931/2197/2197 1353/2479/2479
s 164
f 1352/2199/2199 1059/2202/2202 929/2480/2480 969/2481/2481
f 969/2481/2481 929/2480/2480 1060/2482/2482 1349/2483/2483
f 1060/2482/2482 946/2484/2484 970/2485/2485 1349/2483/2483
f 970/2485/2485 946/2484/2484 1061/2486/2486 1368/2487/2487
f 1061/2486/2486 944/2488/2488 987/2489/2489 1368/2487/2487
f 987/2489/2489 944/2488/2488 1062/2490/2490 1366/2491/2491
f 1062/2490/2490 942/2492/2492 985/2493/2493 1366/2491/2491
f 985/2494/2494 942/2495/2495 1063/2496/2496 1364/2497/2497
f 1063/2496/2496 940/2498/2498 983/2499/2499 1364/2497/2497
f 983/2499/2499 940/2498/2498 1064/2500/2500 1362/2501/2501
f 1064/2500/2500 938/2502/2502 981/2503/2503 1362/2501/2501
f 981/2503/2503 938/2502/2502 1065/2504/2504 1360/2505/2505
f 1065/2504/2504 936/2506/2506 979/2507/2507 1360/2505/2505
f 979/2507/2507 936/2506/2506 1066/2508/2508 1358/2509/2509
f 1066/2508/2508 934/2510/2510 977/2511/2511 1358/2509/2509
f 977/2511/2511 934/2510/2510 1067/2512/2512 1356/2513/2513
f 1067/2512/2512 932/2514/2514 975/2515/2515 1356/2513/2513
f 975/2515/2515 932/2514/2514 1068/2516/2516 1354/2517/2517
f 1068/2516/2516 930/2201/2201 973/2200/2200 1354/2517/2517
s 152
f 1059/2518/2518 930/2074/2074 870/2073/2073 1317/2519/2519
f 1059/2518/2518 1317/2519/2519 877/2101/2101 929/2104/2104
s 141
f 990/2520/2520 1069/2521/2521 1286/2522/2522 859/2523/2523
f 1069/2521/2521 989/2524/2524 860/2525/2525 1286/2522/2522
f 991/2526/2526 1070/2527/2527 1285/2528/2528 858/2529/2529
f 1070/2527/2527 990/2520/2520 859/2523/2523 1285/2528/2528
f 992/2530/2530 1071/2531/2531 1288/2532/2532 862/2533/2533
f 1071/2531/2531 991/2526/2526 858/2529/2529 1288/2532/2532
f 993/2534/2534 1072/2535/2535 1287/2536/2536 861/2537/2537
f 1072/2535/2535 992/2530/2530 862/2533/2533 1287/2536/2536
f 994/2538/2538 1073/2539/2539 1290/2540/2540 864/2541/2541
f 1073/2539/2539 993/2534/2534 861/2537/2537 1290/2540/2540
f 995/2542/2542 1074/2543/2543 1289/2544/2544 863/2545/2545
f 1074/2543/2543 994/2538/2538 864/2541/2541 1289/2544/2544
f 996/2546/2546 1075/2547/2547 1292/2548/2548 866/2549/2549
f 1075/2547/2547 995/2550/2550 863/2551/2551 1292/2548/2548
f 997/2552/2552 1076/2553/2553 1291/2554/2554 865/2555/2555
f 1076/2553/2553 996/2546/2546 866/2549/2549 1291/2554/2554
f 998/2556/2556 1077/2557/2557 1294/2558/2558 867/2559/2559
f 1077/2557/2557 997/2552/2552 865/2555/2555 1294/2558/2558
f 1293/2560/2560 860/2525/2525 989/2524/2524 1078/2561/2561
f 1293/2560/2560 1078/2561/2561 998/2556/2556 867/2559/2559
s 146
f 1317/2049/2049 870/2022/2022 860/2021/2021 1293/2050/2050
s 141
f 1000/1976/1976 1268/1978/1978 1419/2562/2562 1080/2563/2563
f 1268/1978/1978 999/1980/1980 1079/2564/2564 1419/2562/2562
f 1419/2562/2562 1079/2564/2564 989/2524/2524 1069/2521/2521
f 1080/2563/2563 1419/2562/2562 1069/2521/2521 990/2520/2520
f 1001/1974/1974 1266/1973/1973 1420/2565/2565 1081/2566/2566
f 1266/1973/1973 1000/1976/1976 1080/2563/2563 1420/2565/2565
f 1420/2565/2565 1080/2563/2563 990/2520/2520 1070/2527/2527
f 1081/2566/2566 1420/2565/2565 1070/2527/2527 991/2526/2526
f 1002/1986/1986 1272/1988/1988 1421/2567/2567 1082/2568/2568
f 1272/1988/1988 1001/1974/1974 1081/2566/2566 1421/2567/2567
f 1421/2567/2567 1081/2566/2566 991/2526/2526 1071/2531/2531
f 1082/2568/2568 1421/2567/2567 1071/2531/2531 992/2530/2530
f 1003/1984/1984 1270/1983/1983 1422/2569/2569 1083/2570/2570
f 1270/1983/1983 1002/1986/1986 1082/2568/2568 1422/2569/2569
f 1422/2569/2569 1082/2568/2568 992/2530/2530 1072/2535/2535
f 1083/2570/2570 1422/2569/2569 1072/2535/2535 993/2534/2534
f 1004/1994/1994 1276/1996/1996 1423/2571/2571 1084/2572/2572
f 1276/1996/1996 1003/1984/1984 1083/2570/2570 1423/2571/2571
f 1423/2571/2571 1083/2570/2570 993/2534/2534 1073/2539/2539
f 1084/2572/2572 1423/2571/2571 1073/2539/2539 994/2538/2538
f 1005/1992/1992 1274/1991/1991 1424/2573/2573 1085/2574/2574
f 1274/1991/1991 1004/1994/1994 1084/2572/2572 1424/2573/2573
f 1424/2573/2573 1084/2572/2572 994/2538/2538 1074/2543/2543
f 1085/2574/2574 1424/2573/2573 1074/2543/2543 995/2542/2542
f 1006/2002/2002 1280/2004/2004 1425/2575/2575 1086/2576/2576
f 1280/2004/2004 1005/2006/2006 1085/2577/2577 1425/2575/2575
f 1425/2575/2575 1085/2577/2577 995/2550/2550 1075/2547/2547
f 1086/2576/2576 1425/2575/2575 1075/2547/2547 996/2546/2546
f 1007/2000/2000 1278/1999/1999 1426/2578/2578 1087/2579/2579
f 1278/1999/1999 1006/2002/2002 1086/2576/2576 1426/2578/2578
f 1426/2578/2578 1086/2576/2576 996/2546/2546 1076/2553/2553
f 1087/2579/2579 1426/2578/2578 1076/2553/2553 997/2552/2552
f 1008/2007/2007 1284/2012/2012 1427/2580/2580 1088/2581/2581
f 1284/2012/2012 1007/2000/2000 1087/2579/2579 1427/2580/2580
f 1427/2580/2580 1087/2579/2579 997/2552/2552 1077/2557/2557
f 1088/2581/2581 1427/2580/2580 1077/2557/2557 998/2556/2556
f 998/2556/2556 1078/2561/2561 1428/2582/2582 1088/2581/2581
f 1078/2561/2561 989/2524/2524 1079/2564/2564 1428/2582/2582
f 1428/2582/2582 1079/2564/2564 999/1980/1980 1281/2008/2008
f 1088/2581/2581 1428/2582/2582 1281/2008/2008 1008/2007/2007
s 140
f 830/2583/2583 1267/2584/2584 1256/2585/2585 843/2586/2586
f 1267/2584/2584 829/2587/2587 840/2588/2588 1256/2585/2585
f 840/2588/2588 829/2587/2587 1265/2589/2589 1255/2590/2590
f 1265/2589/2589 828/2591/2591 841/2592/2592 1255/2590/2590
f 841/2592/2592 828/2591/2591 1271/2593/2593 1258/2594/2594
f 1271/2593/2593 832/2595/2595 846/2596/2596 1258/2594/2594
f 846/2596/2596 832/2595/2595 1269/2597/2597 1257/2598/2598
f 1269/2597/2597 831/2599/2599 847/2600/2600 1257/2598/2598
f 847/2600/2600 831/2599/2599 1275/2601/2601 1260/2602/2602
f 1275/2601/2601 834/2603/2603 850/2604/2604 1260/2602/2602
f 850/2604/2604 834/2603/2603 1273/2605/2605 1259/2606/2606
f 1273/2605/2605 833/2607/2607 851/2608/2608 1259/2606/2606
f 851/2609/2609 833/2610/2610 1279/2611/2611 1262/2612/2612
f 1279/2611/2611 836/2613/2613 854/2614/2614 1262/2612/2612
f 854/2614/2614 836/2613/2613 1277/2615/2615 1261/2616/2616
f 1277/2615/2615 835/1967/1967 855/1966/1966 1261/2616/2616
f 857/1969/1969 837/1970/1970 1282/2617/2617 1263/2618/2618
f 1282/2617/2617 830/2583/2583 843/2586/2586 1263/2618/2618
s 132
f 1263/2619/2619 843/1894/1894 842/1893/1893 1253/2620/2620
f 856/1921/1921 857/1924/1924 1263/2619/2619 1253/2620/2620
s 136
f 1253/2621/2621 842/1934/1934 827/1933/1933 1236/2622/2622
s 120
f 1090/2623/2623 1028/2624/2624 817/2625/2625 1089/2626/2626
f 1090/2623/2623 1089/2626/2626 816/2627/2627 1027/2628/2628
f 1027/2628/2628 816/2627/2627 1091/2629/2629 1092/2630/2630
f 1091/2629/2629 815/2631/2631 1026/2632/2632 1092/2630/2630
f 1026/2632/2632 815/2631/2631 1093/2633/2633 1094/2634/2634
f 1093/2633/2633 814/2635/2635 1025/2636/2636 1094/2634/2634
f 1025/2636/2636 814/2635/2635 1095/2637/2637 1096/2638/2638
f 1095/2637/2637 813/2639/2639 1024/2640/2640 1096/2638/2638
f 1024/2641/2641 813/2642/2642 1097/2643/2643 1098/2644/2644
f 1097/2643/2643 812/2645/2645 1023/2646/2646 1098/2644/2644
f 1023/2646/2646 812/2645/2645 1099/2647/2647 1100/2648/2648
f 1099/2647/2647 811/2649/2649 1022/2650/2650 1100/2648/2648
f 1022/2650/2650 811/2649/2649 1101/2651/2651 1102/2652/2652
f 1101/2651/2651 810/2653/2653 1021/2654/2654 1102/2652/2652
f 1021/2654/2654 810/2653/2653 1103/2655/2655 1104/2656/2656
f 1103/2655/2655 809/2657/2657 1020/2658/2658 1104/2656/2656
f 1020/2658/2658 809/2657/2657 1105/2659/2659 1106/2660/2660
f 1105/2659/2659 808/2661/2661 1019/2662/2662 1106/2660/2660
f 1019/2662/2662 808/2661/2661 1107/2663/2663 1108/2664/2664
f 1107/2663/2663 817/2625/2625 1028/2624/2624 1108/2664/2664
s 136
f 826/1961/1961 856/1964/1964 1253/2621/2621 1236/2622/2622
s 120
f 1020/2658/2658 1106/2660/2660 1429/2665/2665 1110/2666/2666
f 1106/2660/2660 1019/2662/2662 1109/2667/2667 1429/2665/2665
f 1429/2665/2665 1109/2667/2667 1018/1833/1833 1219/1830/1830
f 1110/2666/2666 1429/2665/2665 1219/1830/1830 1017/1829/1829
f 1021/2654/2654 1104/2656/2656 1430/2668/2668 1111/2669/2669
f 1104/2656/2656 1020/2658/2658 1110/2666/2666 1430/2668/2668
f 1430/2668/2668 1110/2666/2666 1017/1829/1829 1221/1836/1836
f 1111/2669/2669 1430/2668/2668 1221/1836/1836 1016/1835/1835
f 1022/2650/2650 1102/2652/2652 1431/2670/2670 1112/2671/2671
f 1102/2652/2652 1021/2654/2654 1111/2669/2669 1431/2670/2670
f 1431/2670/2670 1111/2669/2669 1016/1835/1835 1223/1840/1840
f 1112/2671/2671 1431/2670/2670 1223/1840/1840 1015/1839/1839
f 1023/2646/2646 1100/2648/2648 1432/2672/2672 1113/2673/2673
f 1100/2648/2648 1022/2650/2650 1112/2671/2671 1432/2672/2672
f 1432/2672/2672 1112/2671/2671 1015/1839/1839 1225/1844/1844
f 1113/2673/2673 1432/2672/2672 1225/1844/1844 1014/1843/1843
f 1024/2641/2641 1098/2644/2644 1433/2674/2674 1114/2675/2675
f 1098/2644/2644 1023/2646/2646 1113/2673/2673 1433/2674/2674
f 1433/2674/2674 1113/2673/2673 1014/1843/1843 1227/1848/1848
f 1114/2675/2675 1433/2674/2674 1227/1848/1848 1013/1847/1847
f 1025/2636/2636 1096/2638/2638 1434/2676/2676 1115/2677/2677
f 1096/2638/2638 1024/2640/2640 1114/2678/2678 1434/2676/2676
f 1434/2676/2676 1114/2678/2678 1013/1855/1855 1229/1852/1852
f 1115/2677/2677 1434/2676/2676 1229/1852/1852 1012/1851/1851
f 1026/2632/2632 1094/2634/2634 1435/2679/2679 1116/2680/2680
f 1094/2634/2634 1025/2636/2636 1115/2677/2677 1435/2679/2679
f 1435/2679/2679 1115/2677/2677 1012/1851/1851 1231/1858/1858
f 1116/2680/2680 1435/2679/2679 1231/1858/1858 1011/1857/1857
f 1027/2628/2628 1092/2630/2630 1436/2681/2681 1117/2682/2682
f 1092/2630/2630 1026/2632/2632 1116/2680/2680 1436/2681/2681
f 1436/2681/2681 1116/2680/2680 1011/1857/1857 1233/1862/1862
f 1117/2682/2682 1436/2681/2681 1233/1862/1862 1010/1861/1861
f 1009/1867/1867 1118/2683/2683 1437/2684/2684 1235/1868/1868
f 1118/2683/2683 1028/2624/2624 1090/2623/2623 1437/2684/2684
f 1437/2684/2684 1090/2623/2623 1027/2628/2628 1117/2682/2682
f 1235/1868/1868 1437/2684/2684 1117/2682/2682 1010/1861/1861
f 1019/2662/2662 1108/2664/2664 1438/2685/2685 1109/2667/2667
f 1108/2664/2664 1028/2624/2624 1118/2683/2683 1438/2685/2685
f 1438/2685/2685 1118/2683/2683 1009/1867/1867 1237/1869/1869
f 1109/2667/2667 1438/2685/2685 1237/1869/1869 1018/1833/1833
s 119
f 1089/1823/1823 817/1828/1828 807/1827/1827 1207/1824/1824
s 129
f 988/1871/1871 907/2320/2320 1308/2321/2321
f 988/1871/1871 902/1874/1874 1240/1875/1875
f 988/1871/1871 906/1883/1883 1244/1884/1884
f 988/1871/1871 904/1879/1879 1242/1880/1880
f 988/1871/1871 899/2316/2316 1306/2317/2317
